surface,nb_Pieces,nb_chambre,nb_Salles_de_bains,etage,prix,ville
89,3,2,,,"2,453,000 ",casablanca
82,3,2,,,"1,956,000 ",casablanca
99,3,2,,,"2,068,000 ",casablanca
94,3,2,,,"1,804,000 ",casablanca
94,3,2,,,"1,804,000 ",casablanca
80,3,2,,,"1,915,000 ",casablanca
80,3,2,,,"1,915,000 ",casablanca
110,4,2,2,1st,"1,890,000 ",casablanca
89,3,2,2,,"1,585,000 ",casablanca
133,4,3,2,,"2,332,000 ",casablanca
201,4,3,2,,"2,800,000 ",casablanca
131,4,3,2,,"2,310,000 ",casablanca
125,4,3,2,,"2,270,000 ",casablanca
274,4,3,2,,"3,790,000 ",casablanca
126,4,3,2,,"2,245,000 ",casablanca
143,4,3,2,,"2,700,000 ",casablanca
89,3,2,,,"2,453,000 ",casablanca
82,3,2,,,"1,956,000 ",casablanca
99,3,2,,,"2,068,000 ",casablanca
99,3,2,,,"2,068,000 ",casablanca
82,3,2,,,"1,956,000 ",casablanca
82,3,2,,,"1,956,000 ",casablanca
89,3,2,,,"2,453,000 ",casablanca
89,3,2,,,"2,453,000 ",casablanca
117,4,3,2,,"2,065,000 ",casablanca
105,3,2,2,,"1,935,000 ",casablanca
103,3,2,2,,"1,866,000 ",casablanca
99,3,2,2,,"1,835,000 ",casablanca
94,3,2,2,,"1,770,000 ",casablanca
94,3,2,2,,"1,720,000 ",casablanca
93,3,2,2,,"1,675,000 ",casablanca
89,3,2,2,,"1,585,000 ",casablanca
83,3,2,2,,"1,550,000 ",casablanca
148,3,3,2,,"1,680,000 ",casablanca
110,4,2,2,,"1,320,000 ",casablanca
89,3,2,,,"2,453,000 ",casablanca
82,3,2,,,"1,956,000 ",casablanca
99,3,2,,,"2,068,000 ",casablanca
94,3,2,,,"1,804,000 ",casablanca
94,3,2,,,"1,804,000 ",casablanca
110,4,2,2,1st,"1,890,000 ",casablanca
89,3,2,2,,"1,585,000 ",casablanca
133,4,3,2,,"2,332,000 ",casablanca
201,4,3,2,,"2,800,000 ",casablanca
131,4,3,2,,"2,310,000 ",casablanca
125,4,3,2,,"2,270,000 ",casablanca
274,4,3,2,,"3,790,000 ",casablanca
126,4,3,2,,"2,245,000 ",casablanca
143,4,3,2,,"2,700,000 ",casablanca
80,3,2,,,"1,915,000 ",casablanca
80,3,2,,,"1,915,000 ",casablanca
89,3,2,,,"2,453,000 ",casablanca
82,3,2,,,"1,956,000 ",casablanca
99,3,2,,,"2,068,000 ",casablanca
99,3,2,,,"2,068,000 ",casablanca
82,3,2,,,"1,956,000 ",casablanca
82,3,2,,,"1,956,000 ",casablanca
117,4,3,2,,"2,065,000 ",casablanca
105,3,2,2,,"1,935,000 ",casablanca
103,3,2,2,,"1,866,000 ",casablanca
99,3,2,2,,"1,835,000 ",casablanca
94,3,2,2,,"1,770,000 ",casablanca
94,3,2,2,,"1,720,000 ",casablanca
93,3,2,2,,"1,675,000 ",casablanca
89,3,2,2,,"1,585,000 ",casablanca
83,3,2,2,,"1,550,000 ",casablanca
89,3,2,,,"2,453,000 ",casablanca
89,3,2,,,"2,453,000 ",casablanca
139,4,3,2,,"2,432,500 ",casablanca
80,4,3,2,,"930,000 ",casablanca
252,5,4,3,,"5,011,000 ",casablanca
50,3,2,2,,"250,000 ",casablanca
465,7,4,5,,"10,250,000 ",casablanca
256,5,3,3,,"9,500,000 ",casablanca
78,3,2,2,,"1,460,000 ",casablanca
70,2,1,1,,"1,330,000 ",casablanca
67,2,1,1,,"1,260,000 ",casablanca
61,2,1,1,,"1,165,000 ",casablanca
47,2,1,1,,"985,000 ",casablanca
99,3,2,,,"2,068,000 ",casablanca
80,3,2,,,"1,915,000 ",casablanca
80,3,2,,,"1,915,000 ",casablanca
94,3,2,,,"1,804,000 ",casablanca
235,5,3,3,,"8,500,000 ",casablanca
119,3,2,,,"1,953,000 ",casablanca
50,3,2,2,,"250,000 ",casablanca
102,3,2,2,,"2,000,000 ",casablanca
290,5,3,2,,"1,990,000 ",casablanca
83,3,2,New,,"1,650,000 ",casablanca
74,2,2,2,,"760,000 ",casablanca
79,3,2,1,4th,"1,800,000 ",casablanca
97,4,3,2,6th,"1,250,000 ",casablanca
97,4,3,2,6th,"1,250,000 ",casablanca
96,2,3,2,2nd,"960,000 ",casablanca
77,2,2,2,5th,"11,000 ",casablanca
96,4,2,1,2nd,"1,350,000 ",casablanca
92,2,2,2,3rd,"1,260,000 ",casablanca
76,3,2,2,1st,"1,120,000 ",casablanca
80,3,2,2,,"1,160,000 ",casablanca
103,3,2,2,,"2,005,500 ",casablanca
103,3,2,2,,"2,005,500 ",casablanca
125,5,3,2,,"1,380,000 ",casablanca
97,4,2,2,,"1,210,000 ",casablanca
62,2,1,1,2nd,"1,380,000 ",casablanca
133,4,3,2,,"2,300,000 ",casablanca
99,3,2,,,"2,068,000 ",casablanca
47,2,1,1,,"985,000 ",casablanca
47,2,1,1,,"985,000 ",casablanca
61,2,1,1,,"1,165,000 ",casablanca
61,2,1,1,,"1,165,000 ",casablanca
47,2,1,1,,"985,000 ",casablanca
99,3,2,,,"2,068,000 ",casablanca
80,3,2,,,"1,915,000 ",casablanca
80,3,2,,,"1,915,000 ",casablanca
80,3,2,New,,"904,000 ",casablanca
110,4,3,2,,"1,765,500 ",casablanca
72,3,2,New,,"828,000 ",casablanca
54,2,1,New,,"610,200 ",casablanca
81,4,2,2,,"1,400,000 ",casablanca
148,5,3,2,,"1,650,000 ",casablanca
50,3,2,2,,"250,000 ",casablanca
81,3,2,2,4th,"1,525,000 ",casablanca
263,9,4,3,4th,"4,500,000 ",casablanca
80,2,2,2,1st,"1,200,000 ",casablanca
76,3,2,1,,"1,064,000 ",casablanca
50,3,2,2,,"250,000 ",casablanca
95,2,2,New,,"1,565,000 ",casablanca
200,5,3,3,5th,"3,200,000 ",casablanca
50,3,2,2,,"250,000 ",casablanca
180,4,3,2,,"1,890,000 ",casablanca
101,3,2,2,,"1,827,500 ",casablanca
101,3,2,2,,"1,940,750 ",casablanca
144,4,3,2,,"2,520,000 ",casablanca
94,3,2,2,,"1,720,000 ",casablanca
78,3,2,2,4th,"1,460,000 ",casablanca
43,2,1,2,,"614,000 ",casablanca
105,3,2,2,,"2,014,750 ",casablanca
260,5,3,3,5th,"4,650,000 ",casablanca
146,5,3,2,4th,"2,100,000 ",casablanca
105,4,3,2,,"1,750,000 ",casablanca
150,4,2,2,3rd,"1,900,000 ",casablanca
134,4,3,2,3rd,"1,750,000 ",casablanca
145,5,3,2,6th,"2,150,000 ",casablanca
103,3,2,2,2nd,"2,100,000 ",casablanca
116,4,3,2,,"1,566,000 ",casablanca
119,4,3,2,,"1,606,500 ",casablanca
252,5,4,3,,"5,011,000 ",casablanca
148,3,3,2,,"1,680,000 ",casablanca
110,4,2,2,,"1,320,000 ",casablanca
89,3,2,,,"2,453,000 ",casablanca
82,3,2,,,"1,956,000 ",casablanca
99,3,2,,,"2,068,000 ",casablanca
245,6,4,2,,"1,600,000 ",casablanca
74,2,2,2,,"760,000 ",casablanca
79,3,2,1,4th,"1,800,000 ",casablanca
97,4,3,2,6th,"1,250,000 ",casablanca
96,2,3,2,2nd,"960,000 ",casablanca
77,2,2,2,5th,"11,000 ",casablanca
96,4,2,1,2nd,"1,350,000 ",casablanca
92,2,2,2,3rd,"1,260,000 ",casablanca
76,3,2,2,1st,"1,120,000 ",casablanca
94,3,2,,,"1,804,000 ",casablanca
94,3,2,,,"1,804,000 ",casablanca
80,3,2,,,"1,915,000 ",casablanca
80,3,2,,,"1,915,000 ",casablanca
89,3,2,,,"2,453,000 ",casablanca
82,3,2,,,"1,956,000 ",casablanca
99,3,2,,,"2,068,000 ",casablanca
99,3,2,,,"2,068,000 ",casablanca
80,2,1,1,6th,"1,395,000 ",casablanca
106,4,2,2,1st,"1,450,000 ",casablanca
131,4,3,2,,"2,400,000 ",casablanca
132,4,2,2,6th,"890,000 ",casablanca
112,3,2,1,,"1,120,000 ",casablanca
102,1,3,2,4th,"1,300,000 ",casablanca
110,2,3,2,1st,"1,300,000 ",casablanca
100,4,2,2,3rd,"1,150,000 ",casablanca
143,5,3,2,1st,"1,450,000 ",casablanca
82,3,2,,,"1,956,000 ",casablanca
82,3,2,,,"1,956,000 ",casablanca
89,3,2,,,"2,453,000 ",casablanca
89,3,2,,,"2,453,000 ",casablanca
139,4,3,2,,"2,432,500 ",casablanca
80,4,3,2,,"930,000 ",casablanca
252,5,4,3,,"5,011,000 ",casablanca
50,3,2,2,,"250,000 ",casablanca
104,3,2,2,,"1,880,000 ",casablanca
110,4,2,2,1st,"1,890,000 ",casablanca
89,3,2,2,,"1,585,000 ",casablanca
133,4,3,2,,"2,332,000 ",casablanca
201,4,3,2,,"2,800,000 ",casablanca
131,4,3,2,,"2,310,000 ",casablanca
125,4,3,2,,"2,270,000 ",casablanca
274,4,3,2,,"3,790,000 ",casablanca
126,4,3,2,,"2,245,000 ",casablanca
465,7,4,5,,"10,250,000 ",casablanca
256,5,3,3,,"9,500,000 ",casablanca
235,5,3,3,,"8,500,000 ",casablanca
119,3,2,,,"1,953,000 ",casablanca
50,3,2,2,,"250,000 ",casablanca
102,3,2,2,,"2,000,000 ",casablanca
126,4,3,2,,"2,245,000 ",casablanca
117,4,3,2,,"2,065,000 ",casablanca
105,3,2,2,,"1,935,000 ",casablanca
103,3,2,2,,"1,866,000 ",casablanca
99,3,2,2,,"1,835,000 ",casablanca
94,3,2,2,,"1,770,000 ",casablanca
94,3,2,2,,"1,720,000 ",casablanca
93,3,2,2,,"1,675,000 ",casablanca
89,3,2,2,,"1,585,000 ",casablanca
102,3,2,2,,"2,000,000 ",casablanca
290,5,3,2,,"1,990,000 ",casablanca
83,3,2,New,,"1,650,000 ",casablanca
80,3,2,2,,"1,160,000 ",casablanca
103,3,2,2,,"2,005,500 ",casablanca
125,5,3,2,,"1,380,000 ",casablanca
97,4,2,2,,"1,210,000 ",casablanca
62,2,1,1,2nd,"1,380,000 ",casablanca
84,3,2,2,,"1,520,000 ",casablanca
78,3,2,2,,"1,460,000 ",casablanca
70,2,1,1,,"1,330,000 ",casablanca
67,2,1,1,,"1,260,000 ",casablanca
61,2,1,1,,"1,165,000 ",casablanca
47,2,1,1,,"985,000 ",casablanca
99,3,2,,,"2,068,000 ",casablanca
80,3,2,,,"1,915,000 ",casablanca
80,3,2,,,"1,915,000 ",casablanca
133,4,3,2,,"2,300,000 ",casablanca
80,3,2,New,,"904,000 ",casablanca
110,4,3,2,,"1,765,500 ",casablanca
72,3,2,New,,"828,000 ",casablanca
54,2,1,New,,"610,200 ",casablanca
81,4,2,2,,"1,400,000 ",casablanca
50,3,2,2,,"250,000 ",casablanca
81,3,2,2,4th,"1,525,000 ",casablanca
263,9,4,3,4th,"4,500,000 ",casablanca
80,2,2,2,1st,"1,200,000 ",casablanca
76,3,2,1,,"1,064,000 ",casablanca
50,3,2,2,,"250,000 ",casablanca
95,2,2,New,,"1,565,000 ",casablanca
200,5,3,3,5th,"3,200,000 ",casablanca
50,3,2,2,,"250,000 ",casablanca
148,5,3,2,,"1,650,000 ",casablanca
180,4,3,2,,"1,890,000 ",casablanca
101,3,2,2,,"1,827,500 ",casablanca
101,3,2,2,,"1,940,750 ",casablanca
144,4,3,2,,"2,520,000 ",casablanca
94,3,2,2,,"1,720,000 ",casablanca
78,3,2,2,4th,"1,460,000 ",casablanca
43,2,1,2,,"614,000 ",casablanca
260,5,3,3,5th,"4,650,000 ",casablanca
146,5,3,2,4th,"2,100,000 ",casablanca
105,4,3,2,,"1,750,000 ",casablanca
150,4,2,2,3rd,"1,900,000 ",casablanca
134,4,3,2,3rd,"1,750,000 ",casablanca
145,5,3,2,6th,"2,150,000 ",casablanca
103,3,2,2,2nd,"2,100,000 ",casablanca
116,4,3,2,,"1,566,000 ",casablanca
119,4,3,2,,"1,606,500 ",casablanca
105,3,2,2,,"2,014,750 ",casablanca
157,4,3,2,,"2,800,000 ",casablanca
84,3,2,2,,"1,030,750 ",casablanca
122,4,3,2,,"1,680,000 ",casablanca
148,5,3,2,,"1,660,000 ",casablanca
114,3,2,2,,"1,350,000 ",casablanca
72,3,2,6th,,"856,800 ",casablanca
49,2,1,New,,"583,100 ",casablanca
238,4,3,2,6th,"6,400,000 ",casablanca
82,3,2,,,"1,630,000 ",casablanca
107,4,3,2,,"1,800,000 ",casablanca
78,3,2,2,4th,"1,460,000 ",casablanca
83,3,2,2,3rd,"1,525,000 ",casablanca
62,2,1,1,3rd,"1,190,000 ",casablanca
125,4,3,2,3rd,"2,205,000 ",casablanca
91,3,2,2,2nd,"1,665,000 ",casablanca
90,3,2,2,,"1,180,000 ",casablanca
54,3,2,1,,"250,000 ",casablanca
121,4,3,2,,"2,310,750 ",casablanca
95,3,2,2,,"1,045,000 ",casablanca
91,4,3,2,,"895,000 ",casablanca
162,4,3,2,,"2,820,000 ",casablanca
199,5,4,3,,"4,407,500 ",casablanca
55,2,1,1,2nd,"1,080,000 ",casablanca
131,4,2,2,4th,"2,000,000 ",casablanca
86,3,3,2,5th,"950,000 ",casablanca
118,4,2,2,2nd,"1,670,000 ",casablanca
50,3,2,2,,"250,000 ",casablanca
50,3,2,2,,"250,000 ",casablanca
99,4,3,1,,"986,000 ",casablanca
84,3,2,1,,"1,501,000 ",casablanca
44,2,1,1,,"850,000 ",casablanca
239,4,3,3,4th,"4,000,000 ",casablanca
94,3,2,2,,"1,034,000 ",casablanca
94,3,2,2,,"1,066,000 ",casablanca
98,4,3,1,,"977,000 ",casablanca
68,3,2,New,,"748,000 ",casablanca
102,3,2,2,,"1,400,000 ",casablanca
56,2,1,1,,"1,200,000 ",casablanca
200,5,3,3,,"2,500,000 ",casablanca
100,4,2,2,,"1,480,000 ",casablanca
263,7,3,2,,"4,300,000 ",casablanca
57,2,1,1,,"1,160,000 ",casablanca
52,3,2,1,,"250,000 ",casablanca
52,3,2,1,,"250,000 ",casablanca
79,2,1,1,,"1,106,000 ",casablanca
77,4,3,1,,"1,116,500 ",casablanca
138,4,3,2,,"2,415,000 ",casablanca
101,4,3,1,,"1,037,000 ",casablanca
94,4,3,2,,"1,281,000 ",casablanca
102,3,2,2,,"2,000,000 ",casablanca
99,4,3,1,,"934,000 ",casablanca
80,3,2,2,,"1,160,000 ",casablanca
66,2,1,1,,"1,190,000 ",casablanca
190,8,3,3,2nd,"3,950,000 ",casablanca
165,6,2,1,3rd,"1,730,000 ",casablanca
93,4,2,2,,"1,520,000 ",casablanca
93,2,2,,,"1,520,000 ",casablanca
218,3,3,2,,"2,650,000 ",casablanca
210,3,3,2,,"2,590,000 ",casablanca
168,5,3,2,1st,"3,000,000 ",casablanca
131,5,3,2,,"2,450,000 ",casablanca
79,3,2,1,,"801,000 ",casablanca
139,3,2,2,,"1,785,000 ",casablanca
85,3,2,2,2nd,"1,650,000 ",casablanca
75,3,2,1,,"700,000 ",casablanca
125,4,3,2,,"2,249,000 ",casablanca
85,1,1,1,,"1,406,500 ",casablanca
50,3,2,2,,"250,000 ",casablanca
150,4,3,2,,"1,870,000 ",casablanca
83,3,2,1,,"795,000 ",casablanca
109,4,3,2,1st,"950,000 ",casablanca
109,4,3,2,1st,"950,000 ",casablanca
61,2,1,1,,"860,000 ",casablanca
32,2,1,1,,"650,000 ",casablanca
80,4,3,2,,"800,000 ",casablanca
110,3,2,2,1st,"1,250,000 ",casablanca
67,2,1,1,,"650,000 ",casablanca
92,4,3,1,,"919,000 ",casablanca
85,4,3,2,,"820,000 ",casablanca
115,3,2,2,,"1,575,000 ",casablanca
82,3,2,1,,"831,000 ",casablanca
146,4,3,2,4th,"1,900,000 ",casablanca
50,2,2,,,"250,000 ",casablanca
50,3,2,2,,"250,000 ",casablanca
84,5,2,1,1st,"420,000 ",casablanca
95,1,2,1,3rd,"1,350,000 ",casablanca
60,2,2,1,3rd,"890,000 ",casablanca
200,4,3,2,,"4,500,000 ",casablanca
127,4,3,2,,"2,500,000 ",casablanca
70,3,2,2,3rd,"730,000 ",casablanca
100,2,2,2,,"1,500,000 ",casablanca
80,3,2,1,,"8,000 ",casablanca
79,3,2,1,,"735,000 ",casablanca
50,3,2,2,,"250,000 ",casablanca
82,3,2,1,,"822,000 ",casablanca
113,4,3,2,,"1,773,750 ",casablanca
81,3,2,1,,"812,000 ",casablanca
98,4,2,1,4th,"1,372,000 ",casablanca
142,4,3,2,,"2,699,250 ",casablanca
157,3,2,,,"2,800,000 ",casablanca
160,3,3,,,"2,400,000 ",casablanca
188,3,3,2,,"2,800,000 ",casablanca
141,3,3,2,,"2,850,000 ",casablanca
321,4,3,2,,"7,800,000 ",casablanca
104,4,3,New,,"2,200,000 ",casablanca
148,4,3,2,,"2,650,000 ",casablanca
52,3,2,1,,"250,000 ",casablanca
138,4,3,2,,"2,415,000 ",casablanca
99,4,3,2,,"935,000 ",casablanca
74,3,2,1,,"698,000 ",casablanca
66,2,1,1,,"1,060,000 ",casablanca
143,3,3,1,,"1,200,000 ",casablanca
75,3,2,2,3rd,"980,000 ",casablanca
57,3,3,1,3rd,"460,000 ",casablanca
138,5,3,2,3rd,"1,650,000 ",casablanca
140,4,3,2,4th,"1,850,000 ",casablanca
107,3,2,2,1st,"1,600,000 ",casablanca
126,5,2,2,,"1,700,000 ",casablanca
89,3,2,2,,"890,000 ",casablanca
50,3,2,2,,"250,000 ",casablanca
139,3,2,2,,"1,680,000 ",casablanca
181,4,3,2,,"1,890,000 ",casablanca
55,2,1,1,,"500,000 ",casablanca
150,4,3,3,,"1,950,000 ",casablanca
97,4,3,1,,"998,000 ",casablanca
121,4,3,2,,"1,950,000 ",casablanca
277,4,4,2,,"3,430,000 ",casablanca
54,3,2,1,2nd,"500,000 ",casablanca
126,4,3,2,4th,"1,750,000 ",casablanca
103,3,2,1,,"1,442,000 ",casablanca
113,3,2,2,3rd,"1,600,000 ",casablanca
95,3,2,2,7th,"2,000,000 ",casablanca
112,4,3,2,6th,"1,600,000 ",casablanca
74,8,1,2,7th,"1,250,000 ",casablanca
165,12,3,2,1st,"2,150,000 ",casablanca
79,9,2,2,2nd,"1,580,000 ",casablanca
87,3,2,2,4th,"750,000 ",casablanca
85,4,3,2,,"820,000 ",casablanca
83,3,2,1,,"795,000 ",casablanca
50,2,2,,,"250,000 ",casablanca
83,3,2,New,,"879,800 ",casablanca
81,3,2,1,,"735,000 ",casablanca
228,5,4,3,4th,"3,950,000 ",casablanca
152,2,4,2,3rd,"2,350,000 ",casablanca
83,3,2,2,2nd,"1,390,000 ",casablanca
54,1,1,1,3rd,"1,200,000 ",casablanca
164,4,3,2,4th,"2,900,000 ",casablanca
85,3,2,1,,"1,190,000 ",casablanca
133,5,3,2,3rd,"1,700,000 ",casablanca
82,3,2,,,"1,630,000 ",casablanca
81,4,2,2,,"1,400,000 ",casablanca
83,3,2,New,,"1,650,000 ",casablanca
80,4,3,2,,"930,000 ",casablanca
50,3,2,2,,"250,000 ",casablanca
105,4,3,2,,"1,736,000 ",casablanca
172,4,3,3,,"2,950,000 ",casablanca
237,3,3,3,,"4,500,000 ",casablanca
57,2,1,1,,"1,350,000 ",casablanca
138,3,3,2,,"2,700,000 ",casablanca
100,3,2,2,,"1,790,000 ",casablanca
123,3,2,2,,"1,650,000 ",casablanca
127,4,3,2,,"1,850,000 ",casablanca
109,3,2,2,,"1,550,000 ",casablanca
109,3,3,2,,"1,720,000 ",casablanca
46,2,1,1,,"1,126,000 ",casablanca
62,3,2,1,,"590,000 ",casablanca
79,4,3,2,,"987,500 ",casablanca
110,4,3,2,,"1,177,000 ",casablanca
102,3,2,2,,"2,000,000 ",casablanca
141,4,3,2,,"2,467,500 ",casablanca
134,4,3,2,2nd,"3,400,000 ",casablanca
179,4,3,3,,"3,550,000 ",casablanca
142,3,2,2,,"2,300,000 ",casablanca
93,3,2,2,3rd,"850,000 ",casablanca
180,3,4,2,,"2,700,000 ",casablanca
226,3,5,3,,"3,200,000 ",casablanca
93,3,2,1,,"1,302,000 ",casablanca
101,5,3,2,2nd,"1,390,000 ",casablanca
95,4,2,2,,"1,800,000 ",casablanca
175,5,3,3,3rd,"2,950,000 ",casablanca
97,4,2,2,,"1,220,000 ",casablanca
79,3,2,1,,"793,000 ",casablanca
89,3,2,2,1st,"1,630,000 ",casablanca
68,2,1,New,,"677,500 ",casablanca
108,4,2,2,,"1,210,300 ",casablanca
127,5,3,4,2nd,"3,300,000 ",casablanca
109,4,3,2,3rd,"1,700,000 ",casablanca
87,3,2,2,1st,"1,000,000 ",casablanca
73,4,3,1,5th,"1,300,000 ",casablanca
127,3,2,2,3rd,"1,400,000 ",casablanca
72,2,1,1,5th,"7,000 ",casablanca
85,4,2,1,,"720,000 ",casablanca
146,6,3,3,3rd,"3,200,000 ",casablanca
269,4,3,3,,"3,350,000 ",casablanca
81,3,2,1,4th,"1,100,000 ",marrakech
82,3,2,1,4th,"1,260,000 ",marrakech
45,2,1,1,,"427,500 ",marrakech
114,3,2,2,2nd,"2,300,000 ",marrakech
89,3,2,2,1st,"950,000 ",marrakech
138,2,2,,,"2,235,000 ",marrakech
101,4,2,2,,"1,252,400 ",marrakech
50,3,2,1,,"250,000 ",marrakech
78,3,2,2,12th,"550,000 ",marrakech
72,3,2,1,2nd,"400,000 ",marrakech
80,4,3,2,1st,"550,000 ",marrakech
73,2,1,1,2nd,"750,000 ",marrakech
400,10,4,2,,"2,000,000 ",marrakech
84,4,3,1,3rd,"900,000 ",marrakech
141,7,3,2,,"1,799,000 ",marrakech
256,3,2,2,,"1,590,000 ",marrakech
60,2,1,1,,"650,000 ",marrakech
110,2,2,2,,"295,000 EUR",marrakech
66,3,2,1,,"540,000 ",marrakech
300,3,3,3,,"535,000 EUR",marrakech
68,3,2,1,,"884,000 ",marrakech
83,3,2,2,,"680,000 ",marrakech
49,2,1,1,,"640,000 ",marrakech
106,5,4,3,,"865,000 ",marrakech
171,5,2,2,4th,"1,790,000 ",marrakech
103,5,2,1,5th,"1,500,000 ",marrakech
142,5,3,2,3rd,"1,350,000 ",marrakech
161,10,3,2,1st,"2,399,000 ",marrakech
97,6,2,2,2nd,"1,165,000 ",marrakech
74,2,1,1,,"1,204,350 ",marrakech
79,2,1,1,,"1,285,720 ",marrakech
55,3,2,2,,"880,000 ",marrakech
140,4,3,2,,"2,278,500 ",marrakech
72,2,1,1,5th,"700,000 ",marrakech
76,5,2,2,,"798,000 ",marrakech
74,2,1,1,,"1,204,350 ",marrakech
500,10,4,4,,"1,450,000 EUR",marrakech
127,3,2,1,,"160,000 EUR",marrakech
53,2,1,1,,"503,500 ",marrakech
183,4,3,4,4th,"3,860,000 ",marrakech
66,4,3,1,,"250,000 ",marrakech
58,3,2,1,,"250,000 ",marrakech
93,3,2,2,,"2,100,000 ",marrakech
117,3,2,2,,"1,755,000 ",marrakech
110,3,2,2,,"1,500,000 ",marrakech
124,3,2,2,,"2,100,000 ",marrakech
100,2,2,1,,"1,400,000 ",marrakech
83,2,2,2,,"1,550,000 ",marrakech
46,2,1,1,,"800,000 ",marrakech
51,2,1,1,,"740,000 ",marrakech
101,3,2,1,,"1,250,000 ",marrakech
72,4,3,1,,"250,000 ",marrakech
44,2,1,1,3rd,"850,000 ",marrakech
57,1,1,1,2nd,"5,700,000 ",marrakech
57,2,1,1,1st,"627,700 ",marrakech
140,4,3,2,,"2,278,500 ",marrakech
97,3,2,1,,"1,564,500 ",marrakech
65,3,2,1,,"250,000 ",marrakech
84,3,2,2,1st,"1,450,000 ",marrakech
62,3,2,1,,"384,400 ",marrakech
78,3,2,1,,"936,000 ",marrakech
76,4,2,2,,"798,000 ",marrakech
76,4,2,2,,"798,000 ",marrakech
76,2,1,1,,"600,000 ",marrakech
459,6,4,4,,"575,000 EUR",marrakech
103,3,2,2,,"1,280,000 ",marrakech
54,3,1,1,2nd,"685,000 ",marrakech
85,3,2,2,3rd,"1,450,000 ",marrakech
138,4,3,2,,"2,318,400 ",marrakech
81,3,2,1,1st,"699,000 ",marrakech
111,4,2,2,2nd,"2,232,500 ",marrakech
220,12,3,2,,"2,990,000 ",marrakech
149,8,2,2,,"1,800,000 ",marrakech
265,7,3,2,,"206,600 EUR",marrakech
140,3,2,2,1st,"265,000 EUR",marrakech
50,3,2,1,2nd,"320,000 ",marrakech
96,4,3,2,2nd,"920,000 ",marrakech
55,4,1,1,2nd,"850,000 ",marrakech
67,3,2,1,,"415,400 ",marrakech
100,3,2,2,4th,"1,500,000 ",marrakech
114,3,2,2,3rd,"2,575,000 ",marrakech
70,3,2,1,,"250,000 ",marrakech
103,3,2,2,,"1,287,500 ",marrakech
78,3,2,2,1st,"1,500,000 ",marrakech
138,3,2,2,,"2,235,000 ",marrakech
115,3,2,2,2nd,"2,300,000 ",marrakech
138,2,1,,,"2,235,000 ",marrakech
70,3,2,1,,"434,000 ",marrakech
60,4,3,1,,"250,000 ",marrakech
70,3,2,1,,"250,000 ",marrakech
74,3,2,2,2nd,"888,200 ",marrakech
68,3,2,1,,"610,000 ",marrakech
58,3,2,1,,"420,000 ",marrakech
182,6,4,2,1st,"1,340,000 ",marrakech
76,3,2,2,1st,"798,000 ",marrakech
103,3,2,1,1st,"1,133,000 ",marrakech
102,4,3,2,3rd,"900,000 ",marrakech
56,2,1,1,5th,"700,000 ",marrakech
55,1,2,1,,"250,000 ",marrakech
72,5,2,1,,"756,000 ",marrakech
75,3,1,1,,"970,000 ",marrakech
89,3,2,1,,"1,062,000 ",marrakech
65,3,2,1,1st,"575,000 ",marrakech
72,3,2,1,1st,"650,000 ",marrakech
98,4,3,1,,"660,000 ",marrakech
97,3,2,1,,"1,564,500 ",marrakech
70,5,2,1,3rd,"850,000 ",marrakech
140,4,3,2,,"2,278,500 ",marrakech
96,3,2,1,3rd,"1,110,000 ",marrakech
119,9,3,2,,"1,200,000 ",marrakech
70,2,1,2,,"890,000 ",marrakech
108,3,2,2,,"290,000 EUR",marrakech
180,5,2,3,,"8,000 ",marrakech
89,7,3,2,,"1,120,000 ",marrakech
220,5,3,2,2nd,"2,800,000 ",marrakech
164,4,3,2,3rd,"390,000 EUR",marrakech
90,3,2,2,,"1,970,000 ",marrakech
170,3,2,,,"1,190,000 ",marrakech
151,3,2,,,"1,057,000 ",marrakech
138,2,2,,,"2,235,000 ",marrakech
83,3,2,1,,"965,000 ",marrakech
50,2,1,1,2nd,"590,000 ",marrakech
70,4,3,2,,"250,000 ",marrakech
106,4,3,2,3rd,"1,480,000 ",marrakech
136,3,2,1,,"850,000 ",marrakech
79,2,1,1,,"1,285,720 ",marrakech
151,3,2,,,"1,057,000 ",marrakech
138,2,2,,,"2,235,000 ",marrakech
83,3,2,1,,"965,000 ",marrakech
84,3,2,2,,"1,428,000 ",marrakech
88,3,2,1,,"1,077,000 ",marrakech
57,3,2,1,,"250,000 ",marrakech
88,3,2,1,,"1,096,000 ",marrakech
51,1,1,,,"382,500 ",marrakech
65,4,3,1,,"250,000 ",marrakech
110,3,2,1,,"1,260,000 ",marrakech
128,4,3,2,5th,"2,390,000 ",marrakech
74,3,2,2,,"480,000 ",marrakech
46,2,1,1,2nd,"960,000 ",marrakech
85,2,1,1,3rd,"750,000 ",marrakech
52,3,2,1,1st,"430,000 ",marrakech
135,3,2,2,,"2,056,000 ",marrakech
170,3,2,,,"1,190,000 ",marrakech
42,1,1,1,,"380,000 ",marrakech
52,1,1,1,,"457,600 ",marrakech
76,1,1,1,,"562,500 ",marrakech
44,1,1,1,,"387,200 ",marrakech
62,3,2,1,,"551,800 ",marrakech
54,2,1,1,,"519,200 ",marrakech
50,2,1,1,,"410,000 ",marrakech
96,3,2,2,,"1,432,000 ",marrakech
118,3,2,2,,"1,302,000 ",marrakech
93,4,3,2,,"1,116,000 ",marrakech
73,3,2,2,,"876,000 ",marrakech
51,1,1,,,"382,500 ",marrakech
63,4,3,1,,"250,000 ",marrakech
208,5,3,2,,"3,200,000 ",marrakech
83,4,2,1,,"996,000 ",marrakech
124,4,3,1,3rd,"1,860,000 ",marrakech
170,6,3,2,3rd,"425,000 EUR",marrakech
700,14,7,7,,"1,600,000 EUR",marrakech
165,5,3,3,,"330,000 EUR",marrakech
104,4,2,2,,"220,000 EUR",marrakech
115,3,2,2,,"12,000 ",marrakech
87,4,2,1,1st,"1,050,000 ",marrakech
100,4,2,1,3rd,"1,200,000 ",marrakech
64,3,2,1,,"250,000 ",marrakech
96,4,3,1,3rd,"920,000 ",marrakech
150,2,4,2,,"190,000 ",marrakech
85,5,3,1,,"920,000 ",marrakech
51,3,2,1,,"250,000 ",marrakech
67,3,2,1,,"250,000 ",marrakech
55,3,2,1,,"250,000 ",tanger
80,3,2,2,,"770,000 ",tanger
57,2,1,,,"250,000 ",tanger
57,2,1,,,"250,000 ",tanger
158,4,3,2,,"1,620,000 ",tanger
83,3,2,2,,"799,290 ",tanger
100,2,2,,,"1,180,000 ",tanger
65,1,2,1,,"450,000 ",tanger
150,1,3,2,4th,"2,900,000 ",tanger
106,4,3,2,5th,"800,000 ",tanger
143,3,2,1,8th,"1,276,000 ",tanger
58,3,2,1,7th,"570,000 ",tanger
115,4,3,2,,"1,231,000 ",tanger
69,3,2,1,,"496,000 ",tanger
103,4,3,2,,"992,000 ",tanger
129,4,3,2,,"1,380,000 ",tanger
100,4,3,2,,"963,000 ",tanger
110,4,3,2,,"1,118,000 ",tanger
72,3,2,2,,"693,000 ",tanger
70,3,2,2,,"840,000 ",tanger
62,3,2,1,1st,"650,000 ",tanger
157,3,2,2,,"1,550,000 ",tanger
111,4,3,2,,"1,128,000 ",tanger
83,3,2,2,,"799,000 ",tanger
54,2,1,1,,"520,020 ",tanger
144,4,3,2,,"1,430,000 ",tanger
85,3,2,2,,"814,000 ",tanger
75,2,2,,,"1,500,000 ",tanger
75,2,2,,,"1,500,000 ",tanger
112,4,3,3,,"1,900,000 ",tanger
75,2,2,,,"1,500,000 ",tanger
129,4,3,2,,"1,950,000 ",tanger
139,5,3,2,,"2,350,000 ",tanger
57,3,2,1,,"250,000 ",tanger
182,3,2,2,,"1,760,000 ",tanger
89,3,2,2,,"852,000 ",tanger
162,4,3,2,,"1,513,250 ",tanger
37,1,1,1,,"499,500 ",tanger
112,4,3,2,,"1,198,000 ",tanger
111,4,3,1,1st,"1,276,500 ",tanger
167,5,3,2,3rd,"2,672,000 ",tanger
157,4,3,2,2nd,"2,200,000 ",tanger
120,1,3,2,5th,"1,680,000 ",tanger
101,1,3,2,2nd,"1,212,000 ",tanger
87,1,2,1,3rd,"1,104,000 ",tanger
257,1,3,3,9th,"2,687,000 ",tanger
108,2,2,1,6th,"2,000,000 ",tanger
57,2,1,,,"250,000 ",tanger
69,3,2,1,,"496,000 ",tanger
63,3,2,1,,"453,000 ",tanger
97,1,2,1,2nd,"1,600,000 ",tanger
95,3,2,2,4th,"1,350,000 ",tanger
190,2,2,1,,"2,541,000 ",tanger
176,2,2,2,,"3,059,000 ",tanger
169,2,2,1,,"14,000 ",tanger
98,1,1,1,,"945,000 ",tanger
79,2,2,2,5th,"1,343,000 ",tanger
82,3,2,2,,"590,000 ",tanger
86,3,2,2,6th,"620,000 ",tanger
360,6,5,3,,"8,000,000 ",tanger
90,1,2,2,5th,"1,665,000 ",tanger
71,1,2,1,,"900,000 ",tanger
90,3,2,1,1st,"954,000 ",tanger
150,1,2,1,9th,"1,650,000 ",tanger
68,3,2,1,,"489,000 ",tanger
67,3,2,2,,"482,000 ",tanger
220,1,2,2,,"2,560,000 ",tanger
100,1,2,2,,"1,600,000 ",tanger
160,5,2,2,,"1,120,000 ",tanger
134,2,2,2,8th,"1,800,000 ",tanger
135,1,3,2,2nd,"10,000 ",tanger
105,1,3,2,,"1,650,000 ",tanger
70,1,2,2,1st,"770,000 ",tanger
155,3,3,2,2nd,"2,200,000 ",tanger
158,2,3,2,8th,"1,975,000 ",tanger
94,4,3,2,,"708,000 ",tanger
70,3,2,1,,"504,000 ",tanger
70,3,2,2,,"504,000 ",tanger
159,4,3,2,8th,"1,750,000 ",tanger
75,2,2,,,"1,500,000 ",tanger
122,4,3,2,6th,"1,350,000 ",tanger
140,1,2,1,8th,"1,462,500 ",tanger
131,3,3,2,1st,"2,450,000 ",tanger
170,3,3,1,,"1,776,000 ",tanger
86,1,2,1,6th,"1,248,000 ",tanger
113,1,3,2,5th,"1,712,000 ",tanger
153,4,3,1,,"2,907,000 ",tanger
183,4,3,2,1st,"3,192,000 ",tanger
150,4,4,3,,"4,700,000 ",tanger
289,4,3,2,9th,"2,900,000 ",tanger
114,1,3,2,3rd,"1,726,000 ",tanger
141,4,3,2,3rd,"1,762,500 ",tanger
96,4,2,1,4th,"1,204,000 ",tanger
167,1,3,2,8th,"2,000,000 ",tanger
197,4,3,2,7th,"2,167,000 ",tanger
171,5,3,3,9th,"3,420,000 ",tanger
132,4,3,2,4th,"1,840,000 ",tanger
123,1,3,2,4th,"2,000,000 ",tanger
101,1,3,1,,"1,630,000 ",tanger
131,1,3,2,1st,"1,763,000 ",tanger
201,1,3,2,7th,"2,432,000 ",tanger
95,4,3,1,3rd,"1,100,000 ",tanger
180,5,4,2,6th,"2,520,000 ",tanger
77,1,1,,,"1,950,000 ",tanger
88,5,3,2,5th,"799,999 ",tanger
55,1,2,1,,"500,000 ",tanger
204,3,3,3,,"4,600,000 ",rabat
210,5,3,3,9th,"4,600,000 ",rabat
250,4,3,2,1st,"3,570,000 ",rabat
360,5,4,4,,"7,200,000 ",rabat
130,3,1,2,,"2,250,000 ",rabat
360,7,3,3,,"8,500,000 ",rabat
185,5,3,2,,"4,100,000 ",rabat
287,7,4,4,,"5,200,000 ",rabat
165,6,4,4,1st,"2,240,000 ",rabat
128,4,3,1,,"2,000,000 ",rabat
225,4,3,1,,"2,300,000 ",rabat
165,4,3,3,4th,"3,750,000 ",rabat
91,3,2,1,,"1,600,000 ",rabat
179,5,3,3,2nd,"3,100,000 ",rabat
146,5,4,3,4th,"3,120,000 ",rabat
167,3,3,3,3rd,"3,100,000 ",rabat
250,4,3,3,1st,"3,600,000 ",rabat
115,4,3,2,1st,"1,720,000 ",rabat
127,4,3,2,3rd,"21,000 ",rabat
180,8,4,3,,"3,000,000 ",rabat
177,4,3,2,,"3,200,000 ",rabat
356,7,5,3,,"4,802,500 ",rabat
196,5,3,2,,"3,300,000 ",rabat
98,2,2,2,2nd,"1,400,000 ",rabat
67,3,2,1,1st,"1,200,000 ",rabat
100,3,2,1,3rd,"1,300,000 ",rabat
95,3,2,1,3rd,"1,350,000 ",rabat
120,4,2,1,1st,"1,650,000 ",rabat
134,4,3,2,,"2,200,000 ",rabat
155,8,3,3,,"3,000,000 ",rabat
149,4,3,3,,"3,400,000 ",rabat
124,4,3,2,,"1,550,000 ",rabat
175,4,3,2,,"4,700,000 ",rabat
194,5,3,3,2nd,"5,000,000 ",rabat
80,3,2,2,,"1,450,000 ",rabat
157,4,3,2,1st,"2,800,000 ",rabat
84,3,2,1,,"1,300,000 ",rabat
82,3,2,1,,"1,250,000 ",rabat
184,4,3,2,,"15,500 ",rabat
156,4,3,2,,"15,500 ",rabat
190,8,3,2,1st,"4,300,000 ",rabat
151,7,2,2,,"3,400,000 ",rabat
220,4,4,3,,"4,100,000 ",rabat
160,5,3,3,1st,"3,900,000 ",rabat
168,4,3,3,3rd,"3,800,000 ",rabat
81,4,3,2,2nd,"1,500,000 ",rabat
157,5,3,1,5th,"2,850,000 ",rabat
120,1,3,2,,"8,000 ",rabat
103,3,2,2,9th,"8,500 ",rabat
100,7,2,3,,"1,400,000 ",rabat
220,5,3,3,1st,"4,350,000 ",rabat
148,3,2,2,1st,"3,200,000 ",rabat
56,2,1,1,,"1,080,000 ",rabat
82,5,2,2,,"195,000 EUR",rabat
94,4,3,2,5th,"1,450,000 ",rabat
140,5,3,2,,"2,100,000 ",rabat
171,4,3,2,,"3,000,000 ",rabat
230,4,3,2,,"5,400,000 ",rabat
156,4,3,3,,"2,500,000 ",rabat
40,1,1,1,3rd,"650,000 ",rabat
124,3,2,2,3rd,"3,250,000 ",rabat
182,3,3,2,1st,"3,250,000 ",rabat
150,4,3,2,4th,"18,000 ",rabat
105,4,3,2,1st,"1,650,000 ",rabat
104,3,2,3,4th,"2,250,000 ",rabat
360,4,4,4,4th,"7,200,000 ",rabat
160,4,3,3,4th,"3,700,000 ",rabat
167,4,3,3,4th,"3,800,000 ",rabat
138,5,3,3,,"1,900,000 ",rabat
90,4,3,1,,"350,000 ",rabat
130,5,3,1,,"1,450,000 ",rabat
150,4,3,2,,"1,900,000 ",rabat
235,4,2,1,4th,"2,655,000 ",rabat
118,3,2,1,,"2,100,000 ",rabat
91,3,2,1,1st,"1,000,000 ",rabat
150,5,3,2,,"3,100,000 ",rabat
230,4,3,2,,"2,300,000 ",rabat
167,5,3,2,,"3,100,000 ",rabat
189,6,3,1,,"3,650,000 ",rabat
128,3,2,1,,"1,900,000 ",rabat
159,5,3,2,,"3,000,000 ",rabat
156,5,3,2,,"2,800,000 ",rabat
81,4,3,1,,"1,500,000 ",rabat
202,4,2,2,,"2,850,000 ",rabat
156,7,3,3,,"3,800,000 ",rabat
130,8,2,3,,"2,200,000 ",rabat
160,7,3,3,,"3,600,000 ",rabat
172,6,3,3,,"3,400,000 ",rabat
118,4,2,2,2nd,"1,800,000 ",rabat
99,4,3,1,3rd,"1,430,000 ",rabat
103,4,3,3,,"1,750,000 ",rabat
70,2,1,2,,"8,500 ",rabat
100,4,3,1,,"12,000 ",rabat
153,3,2,2,,"3,600,000 ",rabat
174,7,3,3,,"2,800,000 ",rabat
107,1,2,2,3rd,"2,050,000 ",rabat
105,4,2,2,,"2,000,000 ",rabat
200,5,3,3,,"3,600,000 ",rabat
68,1,2,1,1st,"850,000 ",rabat
116,6,2,2,8th,"1,400,000 ",rabat
30,2,1,1,2nd,"580,000 ",rabat
64,3,2,2,,"600,000 ",rabat
250,5,3,3,3rd,"22,000 ",rabat
200,6,3,3,2nd,"3,500,000 ",rabat
54,2,1,2,,"700,000 ",rabat
100,3,1,2,5th,"1,200,000 ",rabat
160,5,3,1,1st,"2,000,000 ",rabat
78,6,2,1,3rd,"14,000 ",rabat
56,2,2,1,,"1,070,000 ",rabat
100,4,2,2,4th,"1,440,000 ",rabat
66,3,2,1,3rd,"560,000 ",rabat
43,2,1,1,,"1,200,000 ",rabat
186,5,3,3,,"3,600,000 ",rabat
131,3,3,2,20th,"2,900,000 ",rabat
73,3,2,2,3rd,"1,350,000 ",rabat
66,3,2,2,3rd,"560,000 ",rabat
66,3,2,2,3rd,"560,000 ",rabat
125,5,3,2,,"1,800,000 ",rabat
68,2,1,1,,"850,000 ",rabat
80,3,2,1,3rd,"1,500,000 ",rabat
127,5,3,2,4th,"1,900,000 ",rabat
170,5,3,2,7th,"3,200,000 ",rabat
124,4,3,1,4th,"1,900,000 ",rabat
178,6,4,2,3rd,"2,580,000 ",rabat
77,3,2,2,2nd,"1,925,000 ",rabat
85,2,1,1,,"2,800,000 ",rabat
80,3,2,1,2nd,"1,300,000 ",rabat
229,6,3,3,5th,"4,400,000 ",rabat
145,3,2,2,1st,"2,700,000 ",rabat
196,6,4,2,1st,"3,200,000 ",rabat
112,4,3,2,,"3,000,000 ",rabat
79,3,2,2,,"2,500,000 ",rabat
170,2,3,3,3rd,"3,500,000 ",rabat
96,1,2,2,,"990,000 ",rabat
373,6,4,4,,"16,000,000 ",rabat
114,3,2,1,5th,"1,300,000 ",rabat
217,3,1,,,"4,500,000 ",rabat
140,4,2,1,3rd,"1,900,000 ",rabat
135,4,2,3,3rd,"3,000,000 ",rabat
96,3,2,1,1st,"1,090,000 ",rabat
187,4,3,3,,"3,000,000 ",rabat
179,5,3,3,3rd,"4,500,000 ",rabat
191,4,3,3,1st,"5,400,000 ",rabat
264,5,4,3,5th,"8,200,000 ",rabat
134,6,4,3,1st,"2,700,000 ",rabat
145,5,3,2,4th,"2,700,000 ",rabat
225,5,4,3,3rd,"6,300,000 ",rabat
153,3,2,2,,"3,300,000 ",rabat
75,2,1,1,,"1,800,000 ",rabat
162,4,3,3,,"4,900,000 ",rabat
420,5,4,3,5th,"8,600,000 ",rabat
329,4,3,3,4th,"7,600,000 ",rabat
219,6,4,4,1st,"4,300,000 ",rabat
160,4,2,2,,"2,200,000 ",rabat
135,5,3,2,2nd,"2,900,000 ",rabat
120,3,2,3,3rd,"4,000,000 ",rabat
123,2,1,2,,"2,400,000 ",rabat
248,5,3,3,,"4,600,000 ",rabat
171,6,3,3,,"3,100,000 ",rabat
165,4,3,3,3rd,"3,500,000 ",rabat
95,2,1,2,1st,"2,200,000 ",rabat
156,3,2,3,,"3,400,000 ",rabat
106,4,3,3,,"2,850,000 ",rabat
210,4,3,3,9th,"4,700,000 ",rabat
204,4,3,3,,"4,500,000 ",rabat
222,5,3,4,,"4,600,000 ",rabat
47,2,1,2,,"1,500,000 ",rabat
150,3,2,3,3rd,"3,200,000 ",rabat
147,4,2,3,1st,"3,300,000 ",rabat
134,4,2,2,3rd,"2,800,000 ",rabat
92,5,2,2,3rd,"1,300,000 ",rabat
246,7,4,3,1st,"4,700,000 ",rabat
356,7,5,3,,"4,400,000 ",rabat
171,5,2,3,,"3,400,000 ",rabat
120,4,2,2,1st,"1,700,000 ",rabat
160,5,3,2,5th,"3,200,000 ",rabat
156,3,2,3,,"3,400,000 ",rabat
180,4,3,2,4th,"3,400,000 ",rabat
195,6,3,3,2nd,"4,500,000 ",rabat
141,4,4,2,1st,"2,100,000 ",rabat
121,4,3,1,3rd,"2,250,000 ",rabat
133,4,3,2,5th,"2,360,000 ",rabat
177,5,3,2,4th,"3,600,000 ",rabat
115,4,3,2,2nd,"1,500,000 ",rabat
167,6,3,4,3rd,"3,100,000 ",rabat
149,6,3,4,,"3,000,000 ",rabat
156,6,3,3,3rd,"2,800,000 ",rabat
168,6,3,3,8th,"3,300,000 ",rabat
200,6,4,2,2nd,"3,400,000 ",rabat
116,4,3,1,,"1,400,000 ",rabat
91,3,2,2,,"1,500,000 ",rabat
125,4,3,1,,"1,900,000 ",rabat
300,5,3,3,,"3,600,000 ",rabat
90,3,2,2,,"1,450,000 ",rabat
155,4,3,2,,"2,200,000 ",rabat
180,7,3,3,4th,"3,200,000 ",rabat
102,3,2,2,,"1,480,000 ",rabat
80,3,2,1,2nd,"1,420,000 ",rabat
151,4,4,2,2nd,"1,800,000 ",rabat
205,5,4,2,3rd,"4,400,000 ",rabat
93,4,3,1,1st,"1,200,000 ",rabat
80,3,2,2,5th,"1,200,000 ",rabat
168,5,3,3,7th,"3,400,000 ",rabat
140,5,3,3,,"2,530,000 ",rabat
209,6,3,3,1st,"4,950,000 ",rabat
69,3,2,1,,"1,160,000 ",rabat
170,5,3,2,,"3,000,000 ",rabat
45,2,1,1,,"760,000 ",rabat
96,2,2,2,2nd,"1,000,000 ",rabat
100,4,2,1,,"1,350,000 ",rabat
130,6,4,2,1st,"1,500,000 ",rabat
151,4,3,2,4th,"2,900,000 ",rabat
120,4,3,2,,"2,150,000 ",rabat
151,4,3,2,,"2,200,000 ",rabat
214,6,4,2,1st,"3,200,000 ",rabat
208,3,2,2,,"4,550,000 ",rabat
165,7,3,3,,"3,900,000 ",rabat
200,3,2,1,3rd,"4,000,000 ",rabat
70,3,2,2,3rd,"1,300,000 ",rabat
138,3,3rd,,,"2,700,000 ",rabat
110,3,2,2,5th,"2,350,000 ",rabat
170,4,3,3,1st,"3,200,000 ",rabat
182,5,3,2,,"5,000,000 ",rabat
130,5,3,2,,"2,080,000 ",rabat
86,3,3,2,4th,"750,000 ",rabat
160,5,3,2,1st,"2,200,000 ",rabat
86,2,2,2,5th,"1,150,000 ",rabat
374,8,4,8th,,"7,000,000 ",rabat
123,5,3,5th,,"2,100,000 ",rabat
123,4,3,2,2nd,"1,430,000 ",rabat
167,4,3,3,2nd,"3,250,000 ",rabat
255,3,1,2,5th,"2,190,000 ",rabat
93,6,3,2,3rd,"1,580,000 ",rabat
129,3,3,2,1st,"1,970,000 ",rabat
150,7,3,3,,"2,750,000 ",rabat
120,4,3,3,,"1,850,000 ",rabat
350,7,5,3,,"4,400,000 ",rabat
70,3,2,1,4th,"1,400,000 ",rabat
256,8,4,4,,"4,900,000 ",rabat
213,4,3,2,,"3,800,000 ",rabat
114,4,3,1,,"1,900,000 ",rabat
176,6,4,3,,"3,450,000 ",rabat
120,3,2,2,,"2,350,000 ",rabat
132,4,2,2,,"4,200,000 ",salé
113,4,3,2,3rd,"850,000 ",salé
92,4,2,1,3rd,"736,000 ",salé
64,2,2,2,3rd,"470,000 ",salé
69,3,2,2,1st,"740,000 ",salé
109,4,2,2,3rd,"880,000 ",salé
84,3,2,1,,"640,000 ",salé
58,3,2,1,2nd,"560,000 ",salé
78,1,3,1,4th,"820,000 ",salé
67,3,2,2,4th,"570,000 ",salé
82,2,2,2,,"720,000 ",salé
74,3,3,1,1st,"700,000 ",salé
112,1,3,2,4th,"1,120,000 ",salé
63,3,1,1,4th,"467,000 ",salé
96,5,3,2,2nd,"960,000 ",salé
60,2,2,1,2nd,"230,000 ",salé
81,3,2,2,,"790,000 ",salé
103,4,2,2,3rd,"850,000 ",salé
63,3,2,1,2nd,"500,000 ",salé
120,2,2,2,1st,"2,400,000 ",salé
60,3,3,1,,"370,000 ",salé
127,5,3,2,2nd,"820,000 ",salé
59,3,2,1,2nd,"540,000 ",salé
47,2,1,1,2nd,"350,000 ",salé
103,3,2,2,,"830,000 ",salé
84,3,2,1,3rd,"680,000 ",salé
241,5,3,3,,"4,500,000 ",salé
100,5,3,1,1st,"920,000 ",salé
90,1,2,1,3rd,"40,000 ",salé
77,3,3,2,1st,"770,000 ",salé
93,5,3,1,4th,"800,000 ",salé
104,2,2,2,4th,"700,000 ",salé
56,3,2,1,1st,"400,000 ",salé
77,3,2,2,4th,"795,000 ",salé
71,3,2,2,1st,"590,000 ",salé
153,6,4,2,3rd,"1,480,000 ",salé
86,1,2,1,1st,"650,000 ",salé
82,4,3,1,3rd,"600,000 ",salé
90,5,3,2,4th,"1,100,000 ",salé
51,3,2,1,3rd,"390,000 ",salé
82,3,2,2,2nd,"780,000 ",salé
96,3,2,2,2nd,"820,000 ",salé
108,3,2,2,1st,"840,000 ",salé
156,1,4,3,,"1,100,000 ",salé
77,2,2,2,2nd,"10,900 ",salé
79,3,2,1,2nd,"650,000 ",salé
117,4,2,1,3rd,"730,000 ",salé
76,4,3,2,2nd,"910,000 ",salé
82,3,2,1,1st,"830,000 ",salé
89,3,2,1,1st,"850,000 ",salé
81,3,2,2,,"790,000 ",salé
110,4,3,2,5th,"1,045,000 ",salé
97,4,3,2,1st,"999,100 ",salé
95,4,3,2,,"884,000 ",salé
310,8,4,1,,"5,300,000 ",salé
55,3,2,1,1st,"360,000 ",salé
76,2,2,2,,"640,000 ",salé
58,3,2,1,4th,"450,000 ",salé
87,3,2,2,4th,"790,000 ",salé
71,3,2,2,2nd,"815,000 ",salé
83,5,3,1,2nd,"760,000 ",salé
63,3,2,1,3rd,"430,000 ",salé
80,2,2,1,4th,"650,000 ",salé
86,4,3,2,3rd,"770,000 ",salé
75,3,2,1,,"670,000 ",salé
86,5,2,1,2nd,"580,000 ",salé
56,3,2,1,7th,"335,000 ",salé
104,2,3,1,,"700,000 ",salé
82,1,2,1,2nd,"520,000 ",salé
59,3,2,1,1st,"500,000 ",salé
50,3,2,1,,"340,000 ",salé
61,3,2,2,2nd,"460,000 ",salé
98,5,3,2,,"65,000 EUR",salé
102,4,3,2,3rd,"1,150,000 ",salé
70,1,3,2,4th,"550,000 ",salé
75,5,4,2,3rd,"600,000 ",salé
66,2,2,2,1st,"300,000 ",salé
53,1,2,1,,"320,000 ",salé
54,3,2,1,2nd,"380,000 ",salé
87,4,2,2,4th,"700,000 ",salé
50,3,3,1,,"440,000 ",salé
172,2,3,2,,"8,000 ",salé
91,4,3,2,,"960,000 ",salé
134,2,3,2,,"1,340,000 ",salé
82,2,3,1,3rd,"720,000 ",salé
62,2,2,1,1st,"580,000 ",salé
61,3,2,1,3rd,"360,000 ",salé
100,3,3,2,1st,"8,880,000 ",salé
63,3,2,1,,"530,000 ",salé
57,3,3,1,2nd,"450,000 ",salé
76,4,3,2,,"680,000 ",salé
78,1,3,2,1st,"290,000 ",salé
84,3,2,2,1st,"740,000 ",salé
81,3,2,1,,"850,000 ",salé
81,1,2,2,,"793,800 ",salé
241,5,3,2,1st,"4,500,000 ",salé
60,1,3,1,3rd,"460,000 ",salé
78,5,5,4,,"2,000,000 ",salé
100,5,3,1,,"510,000 ",salé
69,6,2,2,4th,"620,000 ",salé
61,1,2,1,2nd,"500,000 ",salé
85,4,2,2,,"700,000 ",salé
121,5,3,2,1st,"1,100,000 ",salé
180,5,3,3,,"1,600,000 ",salé
72,3,2,2,,"500,000 ",salé
117,3,2,2,,"750,000 ",salé
113,4,3,2,2nd,"800,000 ",salé
112,4,3,2,2nd,"820,000 ",salé
2006,1,1,1,,"30,000 ",salé
70,3,3,1,3rd,"750,000 ",salé
75,1,2,2,,"6,480,000 ",salé
107,4,3,2,1st,"1,120,000 ",salé
51,2,2,2,1st,"450,000 ",salé
54,3,2,1,,"470,000 ",salé
63,5,2,1,20th,"480,000 ",salé
100,9,3,2,4th,"950,000 ",salé
60,2,1,1,1st,"500,000 ",salé
55,2,3,1,4th,"270,000 ",salé
193,3,2,1,18th,"1,200,000 ",salé
76,2,1,1,2nd,"680,000 ",salé
70,3,2,2,2nd,"480,000 ",salé
102,2,2,2,4th,"780,000 ",salé
128,5,3,2,4th,"1,152,000 ",salé
75,3,2,1,3rd,"600,000 ",salé
64,6,3,2,1st,"420,000 ",salé
61,3,2,1,2nd,"500,000 ",salé
92,4,3,2,4th,"880,000 ",salé
70,3,2,1,2nd,"700,000 ",salé
81,3,2,2,,"720,000 ",salé
86,3,3,2,3rd,"740,000 ",salé
100,4,3,2,2nd,"990,000 ",salé
77,3,2,2,,"710,000 ",salé
79,3,2,2,2nd,"800,000 ",salé
77,3,2,2,,"710,000 ",salé
61,2,2,1,1st,"480,000 ",salé
61,1,2,1,2nd,"500,000 ",salé
92,1,3,2,4th,"880,000 ",salé
80,4,2,1,5th,"540,000 ",salé
76,2,2,2,4th,"460,000 ",salé
96,2,2,2,4th,"1,380,000 ",salé
80,3,2,2,2nd,"700,000 ",salé
71,3,1,1,2nd,"570,000 ",salé
115,5,3,1,1st,"1,080,000 ",salé
96,4,3,2,1st,"950,000 ",salé
48,1,2,2,3rd,"295,000 ",salé
46,1,1,1,,"475,000 ",salé
86,3,2,1,2nd,"820,000 ",salé
53,5,3,2,,"460,000 ",salé
53,1,2,1,3rd,"345,000 ",salé
108,10,10,5,,"2,000,000 ",salé
81,1,2,2,7th,"793,800 ",salé
58,2,2,1,3rd,"550,000 ",salé
81,3,2,3,,"760,000 ",salé
87,4,2,2,4th,"790,000 ",salé
67,3,2,1,2nd,"700,000 ",salé
81,3,2,2,,"720,000 ",salé
63,1,2,2,,"300,000 ",salé
50,3,2,1,,"400,000 ",salé
72,3,2,1,1st,"720,000 ",salé
89,2,2,2,4th,"700,000 ",salé
83,3,2,2,1st,"800,000 ",salé
88,4,3,1,,"790,000 ",salé
90,3,1,1,3rd,"480,000 ",salé
92,1,3,2,4th,"880,000 ",salé
96,1,3,2,,"760,000 ",salé
89,3,2,1,,"560,000 ",salé
48,1,1,1,,"380,000 ",salé
80,4,3,1,,"550,000 ",salé
116,4,3,2,,"100,000 ",salé
52,3,1,1,2nd,"480,000 ",salé
130,8,3,2,3rd,"1,100,000 ",salé
57,3,2,1,,"400,000 ",salé
331,6,6,2,,"2,000,000 ",salé
121,5,3,1,2nd,"1,200,000 ",salé
80,1,3,2,1st,"740,000 ",salé
80,3,2,1,1st,"720,000 ",salé
61,1,2,1,3rd,"410,000 ",salé
80,4,2,1,5th,"540,000 ",salé
221,3,2,2,,"2,900,000 ",salé
105,3,2,2,,"2,300,000 ",salé
103,3,3,1,1st,"870,000 ",salé
92,5,3,1,3rd,"670,000 ",salé
67,4,2,2,4th,"570,000 ",salé
81,2,2,1,4th,"660,000 ",salé
76,4,2,2,2nd,"805,000 ",salé
104,1,3,2,3rd,"700,000 ",salé
96,4,3,2,2nd,"1,020,000 ",salé
104,2,2,1,2nd,"800,000 ",salé
69,3,2,1,4th,"530,000 ",salé
79,1,2,1,,"660,000 ",salé
94,4,3,1,4th,"800,000 ",salé
70,2,3,2,,"52,500 ",salé
77,4,4,2,2nd,"680,000 ",salé
61,1,2,2,2nd,"480,000 ",salé
122,4,2,1,,"800,000 ",salé
105,5,3,2,,"780,000 ",salé
100,1,1,1,,"800,000 ",salé
61,4,2,1,3rd,"670,000 ",salé
63,1,3,1,2nd,"260,000 ",salé
62,3,2,1,3rd,"440,000 ",salé
81,2,3,2,2nd,"690,000 ",salé
70,2,2,1,1st,"50,000 ",salé
118,6,3,3,1st,"1,750,000 ",salé
124,4,2,1,,"850,000 ",salé
84,2,3,2,2nd,"690,000 ",salé
62,6,2,1,,"460,000 ",salé
60,3,2,1,,"340,000 ",salé
53,2,1,1,4th,"420,000 ",salé
100,2,2,2,,"870,000 ",salé
92,3,2,1,,"650,000 ",salé
78,4,2,2,,"900,000 ",salé
100,4,3,1,,"1,100,000 ",salé
96,2,2,2,1st,"950,000 ",salé
100,10,3,1,,"950,000 ",salé
50,3,2,1,3rd,"280,000 ",salé
58,3,2,1,,"620,000 ",salé
95,3,2,,,"980,000 ",salé
83,4,2,2,4th,"950,000 ",salé
75,3,2,2,,"520,000 ",salé
117,4,3,2,3rd,"8,600 ",salé
90,4,2,2,,"780,000 ",salé
84,2,2,2,2nd,"650,000 ",salé
84,3,2,1,2nd,"815,000 ",salé
86,4,3,2,3rd,"1,180,000 ",salé
109,4,3,1,,"920,000 ",salé
108,2,2,2,,"900,000 ",salé
168,4,3,2,,"1,800,000 ",salé
86,6,3,2,1st,"1,462,000 ",agadir
81,3,2,2,3rd,"1,215,000 ",agadir
76,5,2,2,,"602,680 ",agadir
92,7,2,2,2nd,"1,242,000 ",agadir
57,4,2,1,1st,"969,000 ",agadir
128,2,2,2,4th,"1,750,000 ",agadir
141,4,3,3,5th,"1,950,000 ",agadir
78,3,2,2,,"850,000 ",agadir
184,4,3,2,,"2,450,000 ",agadir
120,7,3,2,,"1,030,000 ",agadir
106,3,2,2,2nd,"1,802,000 ",agadir
96,8,3,2,,"1,300,000 ",agadir
91,4,3,2,4th,"1,300,000 ",agadir
101,3,3,2,1st,"1,300,000 ",agadir
63,3,2,2,,"1,260,000 ",agadir
104,3,2,1,3rd,"1,000,000 ",agadir
114,6,3,2,2nd,"1,140,000 ",agadir
78,3,2,2,1st,"850,000 ",agadir
69,2,1,2,,"557,360 ",agadir
94,4,3,2,,"1,250,000 ",agadir
96,3,2,2,,"1,300,000 ",agadir
115,7,3,2,7th,"980,000 ",agadir
113,3,2,1,,"780,000 ",agadir
82,3,2,2,,"850,000 ",agadir
107,4,3,2,2nd,"1,150,000 ",agadir
78,3,2,1,6th,"680,000 ",agadir
125,5,2,1,,"3,200,000 ",agadir
158,7,3,3,5th,"2,130,000 ",agadir
78,4,2,1,2nd,"750,000 ",agadir
60,3,2,1,2nd,"580,000 ",agadir
130,4,3,3,,"1,350,000 ",agadir
134,5,3,3,1st,"3,350,000 ",agadir
85,3,2,2,6th,"998,000 ",agadir
87,3,2,2,5th,"765,000 ",agadir
43,2,1,1,,"460,000 ",agadir
92,1,2,1,2nd,"550,000 ",agadir
60,3,2,2,,"580,000 ",agadir
105,3,2,2,1st,"860,000 ",agadir
93,3,2,2,,"2,100,000 ",agadir
98,4,3,2,5th,"1,230,000 ",agadir
75,3,2,1,3rd,"500,000 ",agadir
110,3,2,2,3rd,"1,300,000 ",agadir
172,4,3,2,,"1,550,000 ",agadir
69,4,1,2,1st,"650,000 ",agadir
60,3,2,2,1st,"430,000 ",agadir
64,3,2,1,5th,"460,000 ",agadir
107,1,4,2,2nd,"1,130,000 ",agadir
86,8,2,2,2nd,"903,000 ",agadir
110,4,3,1,3rd,"1,000,000 ",agadir
56,3,2,1,6th,"390,000 ",agadir
60,3,2,1,4th,"300,000 ",agadir
116,5,3,2,4th,"1,300,000 ",agadir
116,5,3,2,5th,"870,000 ",agadir
78,1,1,1,5th,"1,200,000 ",agadir
229,5,3,2,3rd,"3,100,000 ",agadir
80,6,2,2,2nd,"750,000 ",agadir
92,3,2,2,,"850,000 ",agadir
50,1,2,1,3rd,"440,000 ",agadir
60,3,2,1,5th,"650,000 ",agadir
50,1,2,1,,"380,000 ",agadir
56,1,2,1,2nd,"520,000 ",agadir
80,3,2,2,,"640,000 ",agadir
75,8,2,2,1st,"750,000 ",agadir
105,4,2,2,2nd,"1,000,000 ",agadir
58,1,2,1,13th,"530,000 ",agadir
50,3,2,1,4th,"340,000 ",agadir
100,3,2,1,,"680,000 ",agadir
54,3,3,1,3rd,"340,000 ",agadir
42,2,1,1,2nd,"460,000 ",agadir
92,1,2,2,1st,"1,600,000 ",agadir
52,2,1,1,,"780,000 ",agadir
111,2,3,2,,"2,200,000 ",agadir
141,9,4,2,2nd,"1,900,000 ",agadir
71,3,2,1,3rd,"700,000 ",agadir
62,3,3,1,,"320,000 ",agadir
78,3,2,1,,"750,000 ",agadir
95,3,2,2,,"880,000 ",agadir
98,1,3,2,4th,"1,100,000 ",agadir
3,2,1,Good,,"900,000 ",agadir
68,3,2,1,,"620,000 ",agadir
75,3,2,1,1st,"760,000 ",agadir
89,2,2,,,"2,000,000 ",agadir
124,4,3,3,,"3,000,000 ",agadir
85,3,2,2,,"1,000,000 ",agadir
131,4,4,3,,"1,700,000 ",agadir
32,1,1,1,,"370,000 ",agadir
93,3,3,2,2nd,"1,250,000 ",agadir
62,1,2,1,2nd,"560,000 ",agadir
64,3,2,2,,"730,000 ",agadir
77,1,2,2,,"460,000 ",agadir
80,4,2,2,,"640,000 ",agadir
101,2,2,1,,"650,000 ",agadir
85,3,2,2,2nd,"1,200,000 ",agadir
136,4,4,2,2nd,"560,000 ",agadir
107,3,2,2,,"1,000,000 ",agadir
90,1,2,2,10th,"1,100,000 ",agadir
90,2,2,2,3rd,"800,000 ",agadir
67,1,1,,,"1,300,000 ",agadir
65,3,2,1,,"6,500,000 ",agadir
62,5,3,1,1st,"500,000 ",agadir
58,3,3,1,1st,"460,000 ",agadir
194,5,4,3,1st,"2,550,000 ",agadir
75,3,2,2,,"800,000 ",agadir
45,2,1,1,,"750,000 ",agadir
93,3,2,2,4th,"970,000 ",agadir
75,3,2,1,3rd,"650,000 ",agadir
122,3,2,1,7th,"1,342,000 ",agadir
85,5,2,1,1st,"700,000 ",agadir
103,4,2,2,9th,"1,350,000 ",agadir
90,2,2,2,,"860,000 ",agadir
75,2,1,2,1st,"1,500,000 ",agadir
73,3,2,2,2nd,"860,000 ",agadir
179,5,3,3,3rd,"2,900,000 ",agadir
77,2,1,1,,"950,000 ",agadir
85,6,3,2,2nd,"1,200,000 ",agadir
220,4,3,2,,"4,580,000 ",agadir
168,5,4,1,1st,"1,700,000 ",agadir
184,5,3,2,1st,"2,550,000 ",agadir
94,5,2,1,8th,"95,000 EUR",agadir
216,2,2,2,,"1,400,000 ",agadir
90,3,2,2,,"2,100,000 ",agadir
79,2,1,2,,"1,600,000 ",agadir
350,3,2,2,,"3,800,000 ",agadir
68,3,1,1,1st,"780,000 ",agadir
75,3,2,1,,"670,000 ",agadir
200,8,5,3,,"3,700,000 ",agadir
150,3,2,1,,"1,500,000 ",agadir
100,3,2,2,3rd,"1,400,000 ",agadir
172,4,3,2,,"5,000,000 ",agadir
137,3,2,2,,"3,500,000 ",agadir
85,3,2,1,,"900,000 ",agadir
116,3,2,2,,"3,900,000 ",agadir
262,4,3,2,,"4,800,000 ",agadir
59,1,3,1,2nd,"4,800,000 ",agadir
75,3,2,2,4th,"680,000 ",agadir
49,3,2,1,4th,"340,000 ",agadir
100,5,2,2,,"2,200,000 ",agadir
72,3,2,1,17th,"850,000 ",agadir
121,4,2,2,,"120,000 EUR",agadir
121,7,3,2,,"2,200,000 ",agadir
50,6,2,1,,"560,000 ",agadir
120,6,2,2,,"1,250,000 ",agadir
66,1,2,,,"513,000 ",agadir
217,4,2,,,"1,747,150 ",agadir
217,4,2,,,"1,747,150 ",agadir
168,4,2,,,"1,448,420 ",agadir
85,2,2,,,"669,000 ",agadir
85,2,2,,,"669,000 ",agadir
96,2,2,,,"746,520 ",agadir
96,2,2,,,"746,520 ",agadir
66,1,2,,,"513,000 ",agadir
120,3,2,,,"1,030,700 ",agadir
96,3,2,2,,"746,520 ",agadir
120,4,3,2,,"1,030,700 ",agadir
217,5,4,2,,"1,747,150 ",agadir
168,5,4,2,,"1,448,420 ",agadir
174,5,4,3,3rd,"2,900,000 ",agadir
96,3,2,1,5th,"1,100,000 ",agadir
65,3,2,1,2nd,"510,000 ",agadir
93,4,3,1,4th,"850,000 ",agadir
40,1,1,1,,"280,000 ",agadir
94,2,5,1,1st,"840,000 ",agadir
90,2,2,2,6th,"850,000 ",agadir
136,6,3,2,,"2,500,000 ",agadir
75,3,2,2,,"750,000 ",agadir
75,3,2,1,5th,"890,000 ",agadir
107,2,2,2,,"3,200,000 ",agadir
60,1,2,1,11th,"550,000 ",agadir
80,6,2,2,2nd,"1,120,000 ",agadir
170,4,3,2,2nd,"4,000,000 ",agadir
70,3,2,1,,"850,000 ",agadir
42,5,2,1,,"450,000 ",agadir
68,3,2,1,,"600,000 ",agadir
70,3,2,1,2nd,"550,000 ",agadir
93,7,3,2,2nd,"1,360,000 ",agadir
55,3,3,1,3rd,"540,000 ",agadir
64,5,2,1,1st,"690,000 ",agadir
85,3,2,,,"900,000 ",agadir
77,3,2,1,,"750,000 ",agadir
68,3,2,1,,"6,500,000 ",agadir
105,2,2,4,,"1,300,000 ",agadir
41,2,1,1,2nd,"420,000 ",agadir
89,3,2,2,4th,"2,100,000 ",agadir
50,3,2,1,4th,"350,000 ",agadir
90,5,2,2,,"950,000 ",agadir
90,3,2,2,1st,"2,300,000 ",agadir
75,4,2,1,,"480,000 ",agadir
108,4,4,1,,"1,200,000 ",agadir
68,1,2,1,,"560,000 ",agadir
65,3,2,1,3rd,"390,000 ",agadir
76,1,2,1,6th,"800,000 ",agadir
2,2,,,,"1,650,000 ",agadir
69,3,2,1,1st,"420,000 ",agadir
80,3,2,2,4th,"760,000 ",agadir
89,3,2,2,6th,"750,000 ",agadir
90,4,3,2,4th,"1,000,000 ",agadir
136,3,3,3,,"1,100,000 ",agadir
67,3,2,2,3rd,"700,000 ",agadir
76,6,4,1,2nd,"650,000 ",agadir
104,3,2,3,,"860,000 ",agadir
85,3,2,1,,"750,000 ",agadir
64,3,2,1,3rd,"550,000 ",agadir
88,3,2,2,1st,"2,000,000 ",agadir
85,4,3,1,,"750,000 ",agadir
51,3,2,1,1st,"530,000 ",agadir
51,3,2,1,,"370,000 ",agadir
94,3,2,2,,"840,000 ",agadir
89,2,2,2,5th,"850,000 ",agadir
128,3,2,2,,"2,200,000 ",agadir
128,2,2,2,,"3,150,000 ",agadir
100,2,2,2,,"1,300,000 ",agadir
66,2,2,1,4th,"750,000 ",agadir
121,3,2,2,7th,"1,200,000 ",agadir
105,3,2,1,2nd,"1,200,000 ",agadir
81,3,1,1,4th,"1,500,000 ",agadir
134,4,3,2,3rd,"1,800,000 ",agadir
164,3,2,2,,"2,650,000 ",agadir
68,3,2,1,2nd,"550,000 ",agadir
450,4,3,2,,"12,000 ",agadir
102,3,2,1,,"2,600,000 ",agadir
164,3,2,2,,"2,500,000 ",agadir
92,3,2,2,,"1,230,000 ",agadir
95,5,2,2,5th,"1,000,000 ",agadir
89,3,2,2,6th,"710,000 ",agadir
76,3,2,1,3rd,"940,000 ",agadir
140,2,3,3,,"1,200,000 ",agadir
78,3,2,2,,"950,000 ",agadir
67,5,2,1,1st,"660,000 ",agadir
50,2,2,1,,"460,000 ",agadir
148,1,3,2,,"2,900,000 ",agadir
76,3,2,1,3rd,"940,000 ",agadir
156,4,2,2,,"1,400,000 ",agadir
60,3,2,1,4th,"700,000 ",agadir
91,1,2,2,,"1,700,000 ",agadir
62,3,2,1,2nd,"550,000 ",agadir
56,3,2,1,,"580,000 ",agadir
86,3,2,1,2nd,"1,400,000 ",agadir
132,4,3,3,,"1,150,000 ",agadir
123,4,3,2,2nd,"1,350,000 ",agadir
82,3,3,1,,"680,000 ",fès
82,3,3,1,,"680,000 ",fès
82,3,3,1,,"680,000 ",fès
168,3,3,3,4th,"1,119,000 ",fès
63,1,2,2,2nd,"270,000 ",fès
129,4,2,2,4th,"590,000 ",fès
164,3,3,3,,"130,000 ",fès
146,5,3,2,1st,"820,000 ",fès
85,1,4,1,,"500,000 ",fès
136,3,2,2,4th,"590,000 ",fès
103,3,4,2,2nd,"700,000 ",fès
216,3,3,3,3rd,"1,460,000 ",fès
118,2,1,1,,"680,000 ",fès
97,1,3,2,,"590,000 ",fès
60,3,3,1,,"220,000 ",fès
136,4,2,2,4th,"645,000 ",fès
102,3,3,2,1st,"300,000 ",fès
120,5,2,2,1st,"900,000 ",fès
60,3,2,1,3rd,"250,000 ",fès
110,3,2,1,,"288,500 ",fès
111,4,3,2,,"760,000 ",fès
80,2,2,1,2nd,"240,000 ",fès
87,20,3,2,1st,"380,000 ",fès
106,7,3,2,1st,"540,000 ",fès
98,1,3,2,20th,"460,000 ",fès
181,5,3,2,1st,"690,000 ",fès
125,5,3,2,1st,"780,000 ",fès
249,4,3,2,,"900,000 ",fès
90,3,3,2,3rd,"340,000 ",fès
132,8,2,2,,"1,150,000 ",fès
75,3,2,1,1st,"400,000 ",fès
124,4,3,1,,"810,000 ",fès
87,20,3,2,1st,"380,000 ",fès
90,3,3,2,3rd,"340,000 ",fès
160,2,3,2,4th,"1,230,000 ",fès
110,5,3,2,,"550,000 ",fès
71,3,2,2,1st,"420,000 ",fès
137,4,2,1,,"750,000 ",fès
136,3,3,2,3rd,"850,000 ",fès
232,5,3,3,,"1,450,000 ",fès
130,1,5,2,,"175,000 EUR",fès
93,2,2,2,2nd,"530,000 ",fès
75,4,2,2,,"1,000,000 ",fès
93,20,3,2,1st,"420,000 ",fès
84,3,3,1,2nd,"260,000 ",fès
113,5,3,2,3rd,"620,000 ",fès
114,4,3,2,2nd,"650,000 ",fès
67,2,2,1,,"240,000 ",fès
88,1,3,1,2nd,"350,000 ",fès
67,7,2,1,4th,"200,000 ",fès
220,3,4,3,,"1,600,000 ",fès
106,7,3,2,1st,"540,000 ",fès
70,3,2,2,,"200,000 ",fès
100,3,2,1,2nd,"280,000 ",fès
132,5,3,2,2nd,"795,000 ",fès
243,4,4,3,3rd,"1,600,000 ",fès
130,4,3,2,,"1,250,000 ",fès
85,4,3,1,1st,"400,000 ",fès
230,5,4,2,4th,"1,150,000 ",fès
110,3,2,2,1st,"520,000 ",fès
80,3,2,2,4th,"780,000 ",fès
60,1,2,1,2nd,"290,000 ",fès
120,5,3,1,2nd,"70,000 EUR",fès
200,2,3,2,10th,"1,570,000 ",fès
72,3,2,2,,"400,000 ",fès
149,5,3,2,,"970,000 ",fès
138,3,3,3,,"670,000 ",fès
80,1,2,1,3rd,"450,000 ",fès
100,3,3,2,2nd,"850,000 ",fès
70,2,2,1,1st,"300,000 ",fès
82,2,3,2,,"430,000 ",fès
95,3,3,1,4th,"650,000 ",fès
139,5,2,1,,"950,000 ",fès
157,3,2,2,4th,"800,000 ",fès
275,1,4,2,,"1,100,000 ",fès
75,2,1,2,1st,"380,000 ",fès
83,2,2,1,,"380,000 ",fès
106,3,2,1,,"660,000 ",fès
84,4,3,2,,"320,000 ",fès
110,3,2,2,,"420,000 ",fès
147,2,3,2,2nd,"900,000 ",fès
116,2,3,3,2nd,"700,000 ",fès
83,7,3,2,2nd,"530,000 ",fès
89,3,2,2,2nd,"600,000 ",fès
240,4,3,3,,"1,440,000 ",fès
91,4,2,1,2nd,"420,000 ",fès
70,3,2,1,1st,"340,000 ",fès
96,2,2,2,,"370,000 ",fès
106,7,3,2,1st,"540,000 ",fès
56,3,2,1,20th,"235,000 ",fès
95,4,3,2,,"410,000 ",fès
114,1,3,2,,"570,000 ",fès
70,3,2,1,2nd,"365,000 ",fès
35,1,1,1,,"120,000 ",fès
127,5,3,3,2nd,"990,000 ",fès
76,4,2,2,4th,"350,000 ",fès
108,4,2,2,,"460,000 ",fès
190,2,3,2,1st,"1,280,000 ",fès
167,4,3,2,5th,"1,300,000 ",fès
94,3,2,1,,"650,000 ",fès
80,6,3,2,2nd,"420,000 ",fès
168,4,2,2,2nd,"700,000 ",fès
60,1,2,1,,"330,000 ",fès
130,5,2,2,,"650,000 ",fès
80,1,2,1,3rd,"490,000 ",fès
72,3,3,2,1st,"190,000 ",fès
77,2,2,1,1st,"340,000 ",fès
70,3,2,2,3rd,"390,000 ",fès
50,3,2,1,2nd,"220,000 ",fès
108,3,2,1,4th,"850,000 ",fès
93,10,3,2,1st,"420,000 ",fès
144,3,2,2,,"540,000 ",fès
80,4,2,1,,"280,000 ",fès
228,3,3,4,3rd,"1,850,000 ",fès
95,4,3,2,6th,"600,000 ",fès
75,3,2,1,3rd,"450,000 ",fès
145,4,2,1,,"600,000 ",fès
149,2,3,2,,"900,000 ",fès
84,3,2,2,3rd,"460,000 ",fès
85,6,2,2,,"550,000 ",fès
110,7,3,2,1st,"550,000 ",fès
120,4,3,1,,"750,000 ",fès
141,5,3,2,2nd,"850,000 ",fès
73,3,2,2,,"320,000 ",fès
110,3,3,2,2nd,"590,000 ",fès
226,5,4,4,5th,"2,000,000 ",fès
62,4,3,2,2nd,"250,000 ",fès
62,4,3,2,2nd,"250,000 ",fès
90,3,3,2,3rd,"340,000 ",fès
100,2,2,2,2nd,"350,000 ",fès
90,4,2,2,,"650,000 ",fès
90,7,3,2,2nd,"480,000 ",fès
83,2,2,2,1st,"420,000 ",fès
116,3,3,2,,"700,000 ",fès
93,5,2,2,2nd,"445,000 ",fès
62,4,3,2,2nd,"250,000 ",fès
130,4,2,2,4th,"540,000 ",fès
143,3,3,2,,"900,000 ",fès
140,4,2,2,,"660,000 ",fès
73,6,2,1,3rd,"240,000 ",fès
190,3,3,2,1st,"1,450,000 ",fès
65,3,2,2,,"370,000 ",fès
71,3,2,2,,"490,000 ",fès
124,2,3,2,,"730,000 ",fès
84,2,2,2,2nd,"330,000 ",fès
136,5,3,2,4th,"620,000 ",fès
90,2,2,2,1st,"520,000 ",fès
170,10,3,2,2nd,"1,190,000 ",fès
95,1,2,2,2nd,"630,000 ",fès
106,7,3,2,1st,"540,000 ",fès
105,4,3,1,,"900,000 ",fès
92,3,3,2,,"580,000 ",fès
150,4,4,2,,"530,000 ",fès
87,10,3,2,,"360,000 ",fès
88,1,3,2,,"540,000 ",fès
168,4,4,3,2nd,"1,020,000 ",fès
57,3,2,1,1st,"370,000 ",fès
45,1,2,1,1st,"650,000 ",fès
58,5,2,1,,"310,000 ",fès
60,3,2,1,3rd,"400,000 ",fès
138,2,3,2,,"720,000 ",fès
179,3,3,3,3rd,"1,200,000 ",fès
85,5,3,2,,"520,000 ",fès
80,4,3,2,3rd,"420,000 ",fès
150,5,3,1,,"560,000 ",fès
60,2,2,3,3rd,"600,000 ",fès
142,5,3,2,4th,"770,000 ",fès
70,3,2,1,,"230,000 ",fès
96,8,3,2,,"640,000 ",fès
126,2,3,2,3rd,"700,000 ",fès
152,5,3,2,1st,"1,060,000 ",fès
75,3,2,1,2nd,"410,000 ",fès
125,4,3,3,,"750,000 ",fès
70,2,1,1,,"350,000 ",fès
135,2,3,2,,"690,000 ",fès
150,6,4,2,1st,"1,000,000 ",fès
60,2,2,1,,"250,000 ",fès
67,3,2,1,4th,"280,000 ",fès
75,7,2,2,2nd,"390,000 ",fès
115,7,3,2,1st,"540,000 ",fès
144,5,2,1,1st,"500,000 ",fès
65,7,2,1,4th,"410,000 ",fès
108,3,2,2,6th,"900,000 ",fès
197,11,5,2,,"920,000 ",fès
170,1,4,2,,"800,000 ",fès
130,7,3,2,,"560,000 ",fès
67,8,2,2,,"290,000 ",fès
110,2,3,3,1st,"7,000 ",fès
156,2,2,1,,"1,000,000 ",fès
70,2,3,1,,"320,000 ",fès
70,7,3,2,1st,"336,500 ",fès
85,3,2,1,1st,"320,000 ",fès
120,3,3,2,2nd,"580,000 ",fès
99,3,2,1,,"380,000 ",fès
75,6,2,1,2nd,"160,000 ",fès
120,4,4,1,1st,"220,000 ",fès
124,6,3,1,,"560,000 ",fès
94,2,2,1,4th,"400,000 ",fès
75,7,2,2,2nd,"390,000 ",fès
90,3,2,3,,"770,000 ",fès
80,1,2,2,2nd,"360,000 ",fès
120,3,3,2,2nd,"420,000 ",fès
70,1,3,2,1st,"335,000 ",fès
117,5,3,3,2nd,"740,000 ",fès
134,5,3,2,2nd,"1,120,000 ",fès
142,3,3,3,1st,"1,270,000 ",fès
138,5,3,1,3rd,"800,000 ",fès
133,3,3,2,2nd,"800,000 ",fès
132,5,3,1,2nd,"820,000 ",fès
60,3,2,2,3rd,"350,000 ",fès
114,4,3,2,,"912,000 ",fès
76,3,2,2,4th,"260,000 ",fès
219,7,4,3,3rd,"1,800,000 ",fès
132,4,2,2,2nd,"550,000 ",fès
110,4,3,2,1st,"560,000 ",fès
170,2,4,3,,"6,200 ",fès
75,3,2,2,,"420,000 ",fès
171,6,2,2,1st,"950,000 ",fès
160,6,4,2,,"749,000 ",fès
143,7,2,2,,"96,000,000 ",fès
110,4,3,2,1st,"570,000 ",fès
81,5,3,1,2nd,"450,000 ",fès
110,8,3,2,1st,"560,000 ",fès
110,5,3,2,1st,"730,000 ",fès
147,4,3,2,5th,"1,300,000 ",fès
94,1,2,2,4th,"799,000 ",fès
129,3,2,2,1st,"500,000 ",fès
112,4,3,1,4th,"600,000 ",fès
100,3,2,1,1st,"550,000 ",fès
136,4,3,2,1st,"850,000 ",fès
110,7,3,2,1st,"580,000 ",fès
135,7,3,2,,"590,000 ",fès
95,5,3,1,2nd,"540,000 ",fès
140,3,3,2,,"650,000 ",fès
90,4,2,1,,"490,000 ",fès
112,5,3,1,,"500,000 ",fès
160,2,2,2,4th,"800,000 ",fès
94,4,3,2,1st,"850,000 ",fès
96,3,2,1,,"700,000 ",fès
110,5,3,2,4th,"736,000 ",fès
60,4,2,1,,"170,000 ",fès
121,5,3,2,20th,"700,000 ",fès
100,4,2,1,2nd,"580,000 ",fès
68,3,2,1,3rd,"440,000 ",fès
56,4,2,1,,"240,000 ",fès
75,5,2,2,2nd,"400,000 ",fès
76,3,2,1,15th,"450,000 ",fès
80,3,2,1,,"420,000 ",fès
80,5,3,2,3rd,"420,000 ",fès
320,7,4,3,,"1,900,000 ",fès
108,8,3,2,1st,"560,000 ",fès
80,2,2,1,2nd,"340,000 ",fès
73,3,2,1,,"360,000 ",fès
95,5,3,1,,"490,000 ",fès
77,3,1,1,,"380,000 ",fès
180,9,3,2,,"1,150,000 ",fès
120,5,3,4,,"450,000 ",fès
136,3,3,2,,"770,000 ",fès
74,3,3,1,2nd,"390,000 ",fès
144,3,2,2,2nd,"580,000 ",fès
120,3,3,2,,"560,000 ",fès
160,3,3,3,,"230,000 ",fès
150,9,3,3,3rd,"750,000 ",fès
200,3,3,3,7th,"1,500,000 ",fès
102,4,3,2,3rd,"580,000 ",fès
108,7,3,2,1st,"560,000 ",fès
84,7,3,1,2nd,"490,000 ",fès
135,3,2,2,5th,"760,000 ",fès
83,8,3,2,1st,"410,000 ",fès
62,3,2,2,2nd,"320,000 ",fès
78,3,2,2,1st,"400,000 ",fès
162,6,3,3,,"1,290,000 ",fès
171,6,3,2,1st,"1,400,000 ",fès
81,2,2,2,,"260,000 ",fès
108,7,3,2,1st,"560,000 ",fès
117,5,3,1,2nd,"540,000 ",fès
95,3,3,2,4th,"830,000 ",fès
101,4,3,2,,"690,000 ",fès
124,5,3,2,,"870,000 ",fès
93,3,2,2,1st,"560,000 ",fès
110,7,6,2,,"280,000 ",fès
75,5,2,1,2nd,"420,000 ",fès
75,3,3,2,2nd,"340,000 ",fès
110,7,3,2,1st,"580,000 ",fès
149,3,3,3,1st,"1,100,000 ",fès
141,4,3,3,3rd,"1,100,000 ",fès
144,4,3,1,2nd,"580,000 ",fès
176,3,3,3,,"900,000 ",fès
63,4,2,2,2nd,"350,000 ",fès
87,5,3,2,,"350,000 ",fès
155,6,3,3,,"810,000 ",fès
60,1,2,1,,"2,500,000 ",fès
85,5,3,1,,"420,000 ",fès
90,3,2,1,3rd,"580,000 ",fès
63,6,2,2,,"300,000 ",fès
134,5,3,2,3rd,"750,000 ",fès
112,7,3,2,1st,"580,000 ",fès
75,2,2,2,,"230,000 ",fès
100,3,3,2,,"860,000 ",fès
72,3,2,1,3rd,"33,000 EUR",fès
60,3,2,1,1st,"270,000 ",fès
81,3,2,2,,"270,000 ",fès
97,2,2,2,3rd,"425,000 ",fès
112,4,3,2,2nd,"740,000 ",fès
162,1,3,2,4th,"650,000 ",fès
108,7,3,2,2nd,"700,000 ",fès
145,3,3,1,,"800,000 ",fès
111,9,2,2,3rd,"570,000 ",fès
113,5,3,2,,"580,000 ",fès
96,4,3,2,5th,"810,000 ",fès
189,1,3,3,6th,"1,500,000 ",fès
182,5,3,2,,"990,000 ",fès
100,4,3,2,3rd,"580,000 ",fès
90,2,3,2,,"450,000 ",fès
80,3,2,2,4th,"360,000 ",fès
204,2,1,1,1st,"240,000 ",fès
90,2,2,2,3rd,"700,000 ",fès
71,4,2,1,2nd,"380,000 ",fès
90,4,3,2,,"580,000 ",fès
74,6,2,2,,"445,000 ",fès
71,3,1,1,,"340,000 ",fès
96,5,2,2,2nd,"680,000 ",fès
76,3,2,1,,"220,000 ",fès
110,8,3,2,1st,"560,000 ",fès
86,4,4,2,,"530,000 ",fès
75,2,2,2,,"440,000 ",fès
235,2,2,2,1st,"1,400,000 ",fès
84,2,2,2,2nd,"310,000 ",fès
100,4,3,2,2nd,"520,000 ",fès
96,7,3,1,,"650,000 ",fès
73,1,2,1,,"400,000 ",fès
80,4,2,1,1st,"410,000 ",fès
77,4,2,2,3rd,"520,000 ",fès
70,7,2,2,,"330,000 ",fès
128,4,3,2,,"680,000 ",fès
67,3,2,1,3rd,"32,000 EUR",fès
62,7,2,1,2nd,"370,000 ",fès
56,5,2,1,3rd,"300,000 ",fès
76,3,2,2,,"320,000 ",fès
118,2,3,2,3rd,"650,000 ",fès
193,5,3,1,1st,"450,000 ",fès
171,4,3,1,,"600,000 ",fès
78,6,2,1,2nd,"480,000 ",fès
120,5,3,3,2nd,"680,000 ",fès
86,4,3,2,1st,"300,000 ",fès
110,4,3,1,1st,"560,000 ",fès
112,7,3,2,1st,"780,000 ",fès
148,3,3,2,3rd,"700,000 ",fès
171,4,3,1,,"600,000 ",fès
90,3,3,2,1st,"700,000 ",fès
218,2,2,3,1st,"850,000 ",fès
58,2,1,1,4th,"280,000 ",fès
90,4,3,1,1st,"465,000 ",fès
210,3,3,3,3rd,"1,900,000 ",fès
100,8,2,2,3rd,"660,000 ",fès
93,8,3,2,,"520,000 ",fès
133,3,3,2,1st,"820,000 ",fès
110,4,3,2,1st,"560,000 ",fès
110,5,2,2,3rd,"650,000 ",fès
86,5,3,1,2nd,"390,000 ",fès
162,6,3,3,2nd,"1,290,000 ",fès
70,2,2,2,1st,"180,000 ",fès
90,5,3,1,,"340,000 ",fès
52,3,2,2,2nd,"300,000 ",fès
100,4,2,1,1st,"410,000 ",fès
95,5,3,1,1st,"540,000 ",fès
63,3,22,1,4th,"250,000 ",fès
138,4,2,2,,"600,000 ",fès
111,4,3,2,1st,"900,000 ",fès
70,3,2,1,,"260,000 ",fès
168,2,3,3,4th,"1,270,000 ",fès
144,8,3,2,,"1,300,000 ",fès
100,2,2,2,2nd,"550,000 ",fès
120,7,3,2,1st,"470,000 ",fès
82,2,3,1,2nd,"490,000 ",fès
138,4,3,2,4th,"750,000 ",fès
162,6,3,3,,"1,290,000 ",fès
61,4,2,1,2nd,"280,000 ",fès
80,6,2,1,1st,"350,000 ",fès
110,7,3,2,1st,"560,000 ",fès
146,8,3,3,2nd,"1,370,000 ",fès
234,3,3,3,,"1,870,000 ",fès
170,8,3,2,4th,"700,000 ",fès
70,6,2,1,1st,"240,000 ",fès
50,2,2,1,,"165,000 ",fès
76,4,3,1,4th,"215,000 ",fès
113,2,2,1,,"470,000 ",fès
86,9,3,1,4th,"499,999 ",fès
203,5,4,3,1st,"1,750,000 ",fès
130,4,3,1,1st,"500,000 ",fès
150,6,3,2,2nd,"650,000 ",fès
100,4,2,2,3rd,"660,000 ",fès
100,6,4,2,2nd,"640,000 ",fès
80,3,2,1,1st,"300,000 ",fès
120,5,3,3,1st,"940,000 ",fès
120,4,4,2,,"590,000 ",fès
165,3,2,2,3rd,"1,200,000 ",fès
73,4,3,2,3rd,"280,000 ",fès
128,4,2,3,1st,"800,000 ",fès
60,3,2,2,1st,"320,000 ",fès
70,6,2,2,,"250,000 ",fès
84,7,3,1,1st,"270,000 ",fès
117,5,3,2,1st,"470,000 ",fès
116,5,3,2,1st,"530,000 ",fès
78,3,3,1,,"360,000 ",fès
110,10,3,2,1st,"560,000 ",fès
84,3,2,2,3rd,"420,000 ",fès
68,4,2,2,1st,"400,000 ",fès
97,2,3,2,1st,"500,000 ",fès
3,2,1,Good,,"510,000 ",fès
96,8,3,2,,"280,000 ",fès
99,2,4,2,,"550,000 ",fès
350,5,3,2,3rd,"160,000 EUR",fès
246,9,4,3,,"1,450,000 ",fès
50,1,1,1,2nd,"650,000 ",fès
70,4,2,2,1st,"390,000 ",fès
96,8,3,2,2nd,"280,000 ",fès
105,3,3,2,1st,"560,000 ",fès
63,3,2,1,,"360,000 ",fès
61,3,2,1,,"340,000 ",fès
102,3,2,1,,"365,000 ",fès
256,3,3,2,6th,"2,180,000 ",fès
100,6,2,1,,"650,000 ",fès
65,2,2,1,,"380,000 ",fès
58,2,2,1,1st,"270,000 ",fès
144,2,3,2,2nd,"8,500 ",fès
96,8,3,2,2nd,"280,000 ",fès
200,5,4,2,2nd,"900,000 ",fès
145,8,3,3,2nd,"1,300,000 ",fès
95,2,3,2,,"740,000 ",fès
51,2,2,1,2nd,"280,000 ",fès
101,4,3,2,2nd,"590,000 ",fès
80,5,3,1,2nd,"490,000 ",fès
90,2,2,2,,"320,000 ",fès
67,3,2,1,6th,"340,000 ",fès
144,4,2,1,,"790,000 ",fès
142,6,4,2,1st,"860,000 ",fès
80,3,2,1,2nd,"280,000 ",fès
103,4,3,2,,"500,000 ",fès
152,5,3,2,,"900,000 ",fès
240,4,3,3,,"7,000 ",fès
113,3,3,1,,"640,000 ",fès
95,4,3,1,2nd,"3,400,000 ",fès
68,4,3,2,,"522,695 ",temara
100,3,2,2,,"1,400,000 ",temara
91,3,2,1,,"1,274,000 ",temara
90,3,2,1,,"1,260,000 ",temara
77,4,3,2,,"633,266 ",temara
80,4,3,2,,"657,468 ",temara
170,3,2,1,,"1,490,000 ",temara
320,3,3,3,,"3,950,000 ",temara
68,4,3,2,,"522,695 ",temara
63,1,2,1,1st,"880,000 ",temara
90,3,2,1,,"1,260,000 ",temara
124,3,2,1,,"1,170,000 ",temara
72,3,2,1,,"820,000 ",temara
77,4,3,2,,"633,266 ",temara
65,4,3,2,,"250,000 ",temara
128,4,3,2,,"2,100,000 ",temara
52,3,2,1,,"411,821 ",temara
65,4,3,2,,"250,000 ",temara
123,4,3,1,,"1,140,000 ",temara
65,4,3,2,,"250,000 ",temara
120,4,3,2,4th,"1,500,000 ",temara
80,4,3,2,,"657,468 ",temara
90,3,2,2,,"769,250 ",temara
65,3,2,1,,"505,725 ",temara
65,3,2,1,,"505,725 ",temara
92,2,3,2,4th,"1,200,000 ",temara
82,3,2,2,,"697,000 ",temara
65,4,3,2,,"250,000 ",temara
85,2,3,2,,"970,000 ",temara
63,3,2,2,1st,"580,000 ",temara
65,4,3,2,,"250,000 ",temara
82,3,2,1,2nd,"900,000 ",temara
65,4,3,2,,"250,000 ",temara
74,4,3,2,1st,"760,000 ",temara
95,5,2,1,2nd,"750,000 ",temara
100,8,2,2,1st,"1,105,000 ",temara
117,3,2,1,,"800,000 ",temara
103,4,3,1,2nd,"1,060,000 ",temara
80,3,2,2,2nd,"1,300,000 ",temara
61,3,2,2,2nd,"980,000 ",temara
104,4,2,3,,"1,800,000 ",temara
138,2,2,2,1st,"1,600,000 ",temara
106,4,3,2,,"901,000 ",temara
57,3,2,1,,"220,000 ",temara
65,4,3,2,,"250,000 ",temara
89,2,1,1,,"54,000 EUR",temara
117,4,3,2,1st,"1,350,000 ",temara
73,2,2,2,,"540,000 ",temara
79,3,2,2,,"671,500 ",temara
65,4,3,2,,"250,000 ",temara
69,3,2,1,1st,"830,000 ",temara
117,5,3,2,,"950,000 ",temara
60,3,2,2,,"650,000 ",temara
79,3,2,2,3rd,"685,000 ",temara
83,4,2,2,,"1,320,000 ",temara
80,3,2,1,3rd,"1,160,000 ",temara
86,3,2,2,,"731,000 ",temara
97,5,3,2,1st,"1,170,000 ",temara
93,3,2,2,,"790,500 ",temara
250,7,4,4,,"3,900,000 ",temara
108,4,3,2,,"1,600,000 ",temara
35,1,1,1,,"500,000 ",temara
38,2,1,1,,"220,000 ",temara
106,5,3,3,1st,"950,000 ",temara
101,2,2,3,1st,"1,000,000 ",temara
82,3,2,2,3rd,"1,250,000 ",temara
120,1,4,3,3rd,"2,000,000 ",temara
77,3,2,1,2nd,"1,460,000 ",temara
46,2,1,1,,"220,000 ",temara
40000,4,2,2,,"5,500,000 ",temara
104,5,4,2,1st,"900,000 ",temara
53,3,2,1,1st,"350,000 ",temara
95,3,3,2,3rd,"980,000 ",temara
100,2,2,2,,"950,000 ",temara
85,3,2,2,,"722,500 ",temara
86,3,2,1,2nd,"690,000 ",temara
106,3,2,1,3rd,"1,250,000 ",temara
88,4,3,2,4th,"800,000 ",temara
65,1,2,1,1st,"420,000 ",temara
80,4,2,2,2nd,"830,000 ",temara
76,3,3,1,,"560,000 ",temara
60,5,2,1,,"900,000 ",temara
92,8,2,2,1st,"1,300,000 ",temara
75,1,2,1,2nd,"750,000 ",temara
76,4,3,2,1st,"1,100,000 ",temara
101,5,3,2,4th,"1,400,000 ",temara
74,3,2,1,3rd,"90,000 EUR",temara
89,5,2,2,4th,"600,000 ",temara
90,3,2,2,,"8,700,000 ",temara
87,4,3,2,1st,"855,000 ",temara
95,8,2,2,,"1,300,000 ",temara
74,3,2,2,,"880,000 ",temara
95,7,2,2,,"1,300,000 ",temara
188,9,3,4,,"2,800,000 ",temara
111,4,3,2,3rd,"1,650,000 ",temara
128,5,3,3,3rd,"1,000,000 ",temara
73,3,2,2,2nd,"730,000 ",temara
95,1,2,1,2nd,"11,000 ",temara
83,3,2,1,,"710,000 ",temara
63,3,2,1,,"650,000 ",temara
86,4,2,1,2nd,"1,100,000 ",temara
100,3,2,2,,"1,380,000 ",temara
128,5,3,2,,"2,060,000 ",temara
125,2,3,3,1st,"1,150,000 ",temara
118,1,4,3,,"930,000 ",temara
51,3,2,1,3rd,"580,000 ",temara
111,5,3,2,3rd,"1,550,000 ",temara
85,4,2,2,3rd,"800,000 ",temara
82,2,2,1,1st,"860,000 ",temara
142,4,2,2,,"1,200,000 ",temara
80,2,2,2,,"1,280,000 ",temara
55,3,2,1,,"220,000 ",temara
125,9,3,3,,"1,150,000 ",temara
167,3,1,1,,"1,090,000 ",temara
250,10,4,2,,"390,000,000 ",temara
120,5,1,1,,"1,900,000 ",temara
90,5,2,1,,"1,400,000 ",temara
81,4,3,1,3rd,"800,000 ",temara
110,4,3,2,4th,"900,000 ",temara
134,2,3,2,8th,"1,100,000 ",temara
100,5,3,2,3rd,"1,120,000 ",temara
70,5,3,1,,"680,000 ",temara
84,2,3,2,1st,"800,000 ",temara
137,5,2,1,,"1,670,000 ",temara
77,6,2,1,,"1,150,000 ",temara
120,7,3,2,,"2,000,000 ",temara
100,9,2,2,,"12,000 ",temara
122,2,2,2,,"1,600,000 ",temara
115,2,2,2,1st,"970,000 ",temara
114,1,3,2,,"1,850,000 ",temara
110,4,4,2,,"1,700,000 ",temara
111,5,3,2,9th,"900,000 ",temara
86,3,2,1,,"760,000 ",temara
62,1,2,1,2nd,"640,000 ",temara
98,1,2,2,1st,"1,050,000 ",temara
85,1,2,1,2nd,"1,270,000 ",temara
120,5,3,1,,"1,000,000 ",temara
78,3,2,2,4th,"850,000 ",temara
125,8,3,2,4th,"1,150,000 ",temara
77,2,1,2,3rd,"18,000 ",temara
78,3,2,1,,"1,500,000 ",temara
55,2,1,1,,"550,000 ",temara
96,2,2,2,1st,"1,200,000 ",temara
83,3,2,1,1st,"600,000 ",temara
88,4,2,2,1st,"1,230,000 ",temara
131,4,3,2,1st,"1,830,000 ",temara
82,2,2,1,1st,"860,000 ",temara
85,2,2,2,2nd,"680,000 ",temara
93,4,3,2,,"730,000 ",temara
92,7,2,2,,"1,350,000 ",temara
141,4,2,2,,"1,300,000 ",temara
55,2,1,2,,"500,000 ",temara
96,2,2,2,1st,"1,250,000 ",temara
52,1,1,1,,"350,000 ",temara
121,5,3,2,1st,"950,000 ",temara
89,3,2,1,1st,"1,400,000 ",temara
88,3,2,2,1st,"1,190,000 ",temara
56,3,2,1,2nd,"560,000 ",temara
85,3,3,1,,"440,000 ",temara
92,7,2,2,,"1,400,000 ",temara
81,4,3,2,1st,"970,000 ",temara
184,7,3,2,2nd,"1,840,000 ",temara
74,3,2,2,,"880,000 ",temara
43,2,1,1,15th,"590,000 ",temara
103,4,2,2,1st,"1,780,000 ",temara
88,3,2,2,,"1,420,000 ",temara
140,4,2,3,,"1,300,000 ",temara
60,4,1,1,,"800,000 ",temara
95,4,2,1,,"760,000 ",temara
64,1,2,1,2nd,"520,000 ",temara
204,3,5,2,1st,"1,600,000 ",temara
90,3,2,2,,"850,000 ",temara
105,4,3,2,2nd,"960,000 ",temara
110,4,3,1,1st,"1,350,000 ",temara
85,3,3,1,2nd,"580,000 ",temara
190,5,3,2,,"1,250,000 ",temara
66,3,2,1,2nd,"650,000 ",temara
100,4,3,2,,"12,500 ",temara
72,3,2,1,,"650,000 ",temara
108,2,2,2,1st,"1,150,000 ",temara
62,3,2,1,,"560,000 ",temara
63,3,2,1,,"580,000 ",temara
80,2,2,2,2nd,"960,000 ",temara
76,3,2,2,,"740,000 ",temara
220,5,3,3,,"3,300,000 ",temara
130,5,2,1,2nd,"1,800,000 ",temara
81,3,2,2,,"1,400,000 ",temara
53,3,2,1,6th,"340,000 ",temara
73,3,2,2,6th,"680,000 ",temara
86,2,2,1,1st,"950,000 ",temara
120,3,3,1,,"790,000 ",temara
94,2,3,2,,"850,000 ",temara
122,11,3,3,2nd,"1,950,000 ",temara
81,3,2,2,3rd,"729,000 ",temara
95,4,2,1,16th,"888,000 ",temara
109,1,3,2,2nd,"1,495,000 ",temara
73,3,2,1,1st,"696,000 ",temara
124,4,3,2,1st,"1,050,000 ",temara
340,10,4,4,,"30,000 ",temara
57,3,2,2,3rd,"650,000 ",temara
58,2,2,1,,"480,000 ",temara
76,2,2,2,2nd,"870,000 ",temara
70,4,2,1,,"820,000 ",temara
85,3,1,2,2nd,"940,000 ",temara
110,5,3,2,3rd,"960,000 ",temara
88,4,2,2,2nd,"890,000 ",temara
176,6,4,3,,"1,350,000 ",temara
90,3,2,2,,"820,000 ",temara
125,3,2,2,,"1,300,000 ",temara
80,3,2,1,,"700,000 ",temara
87,2,2,2,,"730,000 ",temara
150,2,3,2,,"1,950,000 ",temara
108,3,3,2,3rd,"1,000,000 ",temara
78,4,3,1,,"750,000 ",temara
71,3,2,1,2nd,"680,000 ",temara
69,1,2,1,3rd,"610,000 ",temara
62,3,2,1,2nd,"620,000 ",temara
86,2,2,2,3rd,"1,150,000 ",temara
150,2,3,2,2nd,"1,950,000 ",temara
89,2,2,1,1st,"650,000 ",temara
60,2,2,1,,"840,000 ",temara
65,2,2,1,,"520,000 ",temara
84,3,2,2,,"780,000 ",temara
64,1,2,2,3rd,"870,000 ",temara
127,4,3,2,4th,"950,000 ",temara
73,3,2,1,,"660,000 ",temara
91,3,3,2,1st,"980,000 ",temara
68,3,2,1,,"600,000 ",temara
114,3,2,2,,"980,000 ",temara
120,3,3,2,2nd,"1,700,000 ",temara
67,3,2,2,,"980,000 ",temara
60,5,2,1,3rd,"540,000 ",temara
45,1,1,1,,"360,000 ",temara
125,4,3,2,1st,"1,120,000 ",temara
75,3,2,2,3rd,"850,000 ",temara
70,3,1,1,3rd,"630,000 ",temara
77,4,2,2,2nd,"680,000 ",temara
66,3,2,2,4th,"460,000 ",temara
46,1,1,1,2nd,"350,000 ",temara
124,2,2,2,1st,"1,000,000 ",temara
140,9,3,3,,"7,500 ",temara
85,3,2,2,,"1,260,000 ",temara
99,2,2,1,4th,"780,000 ",temara
137,5,3,2,,"2,350,000 ",temara
79,4,2,2,,"640,000 ",temara
96,5,3,2,2nd,"960,000 ",temara
80,3,2,2,1st,"850,000 ",temara
3,3,2,New,,"13,000 ",temara
92,4,2,2,4th,"845,000 ",temara
84,3,2,2,,"1,134,000 ",temara
86,2,1,2,3rd,"1,150,000 ",temara
77,3,2,1,,"710,000 ",temara
79,3,2,2,,"498,000 ",kénitra
100,3,2,2,,"630,000 ",kénitra
91,3,2,2,,"573,000 ",kénitra
80,2,1,1,8th,"520,000 ",kénitra
204,6,3,2,,"1,240,000 ",kénitra
109,5,3,2,5th,"9,600,000 ",kénitra
171,5,3,3,5th,"1,260,000 ",kénitra
88,3,2,1,6th,"780,000 ",kénitra
118,5,3,2,2nd,"1,100,000 ",kénitra
118,5,3,1,,"790,000 ",kénitra
75,3,2,1,1st,"490,000 ",kénitra
184,5,3,2,6th,"1,400,000 ",kénitra
130,5,3,2,,"960,000 ",kénitra
71,4,2,1,,"530,000 ",kénitra
96,4,2,1,4th,"790,000 ",kénitra
86,6,2,1,,"690,000 ",kénitra
96,2,3,2,8th,"840,000 ",kénitra
158,5,3,2,7th,"1,520,000 ",kénitra
190,5,3,2,5th,"1,290,000 ",kénitra
123,5,3,1,3rd,"950,000 ",kénitra
98,4,3,2,,"980,000 ",kénitra
135,5,3,2,5th,"1,200,000 ",kénitra
71,1,3,2,3rd,"600,000 ",kénitra
90,4,3,1,1st,"540,000 ",kénitra
106,2,1,2,4th,"620,000 ",kénitra
102,4,3,1,3rd,"500,000 ",kénitra
63,1,1,1,1st,"395,000 ",kénitra
69,5,2,1,,"380,000 ",kénitra
68,3,2,1,4th,"580,000 ",kénitra
88,3,2,2,,"750,000 ",kénitra
107,2,2,1,,"950,000 ",kénitra
130,3,3,1,,"1,000,000 ",kénitra
75,1,2,2,5th,"690,000 ",kénitra
363,9,5,3,,"1,650,000 ",kénitra
80,3,2,1,1st,"370,000 ",kénitra
85,4,3,1,1st,"380,000 ",kénitra
68,2,2,1,4th,"450,000 ",kénitra
81,3,2,1,5th,"720,000 ",kénitra
126,3,3,2,,"1,150,000 ",kénitra
66,2,2,1,1st,"230,000 ",kénitra
84,2,2,2,1st,"480,000 ",kénitra
95,1,3,1,1st,"680,000 ",kénitra
88,3,2,2,3rd,"850,000 ",kénitra
196,3,3,2,,"1,710,000 ",kénitra
100,2,2,2,,"840,000 ",kénitra
171,4,3,2,,"1,150,000 ",kénitra
87,3,2,2,4th,"720,000 ",kénitra
100,3,2,1,6th,"720,000 ",kénitra
170,4,3,2,5th,"1,150,000 ",kénitra
130,4,2,2,5th,"850,000 ",kénitra
139,4,3,2,5th,"1,200,000 ",kénitra
167,9,3,2,6th,"1,300,000 ",kénitra
202,5,4,3,3rd,"1,580,000 ",kénitra
109,4,3,2,,"880,000 ",kénitra
78,3,2,2,4th,"500,000 ",kénitra
158,5,4,2,,"1,660,000 ",kénitra
156,3,2,1,,"950,000 ",kénitra
125,3,4,2,,"1,200,000 ",kénitra
103,3,4,2,2nd,"950,000 ",kénitra
50,1,2,1,,"380,000 ",kénitra
151,1,3,2,6th,"1,200,000 ",kénitra
187,3,2,2,2nd,"1,300,000 ",kénitra
130,2,3,2,2nd,"1,230,000 ",kénitra
145,2,3,2,5th,"1,250,000 ",kénitra
137,3,2,1,6th,"890,000 ",kénitra
140,4,3,3,7th,"1,180,000 ",kénitra
104,3,2,2,1st,"680,000 ",kénitra
108,4,3,2,2nd,"750,000 ",kénitra
144,3,4,2,,"850,000 ",kénitra
120,3,3,2,1st,"710,000 ",kénitra
92,4,3,1,6th,"830,000 ",kénitra
99,4,3,2,,"890,000 ",kénitra
107,4,2,2,4th,"720,000 ",kénitra
78,3,2,1,6th,"620,000 ",kénitra
91,3,2,1,,"440,000 ",kénitra
84,3,2,2,7th,"1,000,000 ",kénitra
82,3,3,3,2nd,"700,000 ",kénitra
161,2,3,3,3rd,"1,320,000 ",kénitra
127,4,3,2,7th,"960,000 ",kénitra
85,3,2,2,2nd,"680,000 ",kénitra
90,2,3,2,4th,"750,000 ",kénitra
78,2,2,2,3rd,"740,000 ",kénitra
114,4,3,2,3rd,"1,160,000 ",kénitra
86,3,2,1,1st,"399,000 ",kénitra
120,2,3,2,,"580,000 ",kénitra
108,3,2,1,6th,"900,000 ",kénitra
136,5,3,2,1st,"1,050,000 ",kénitra
95,1,3,1,3rd,"870,000 ",kénitra
164,4,3,2,2nd,"1,300,000 ",kénitra
161,5,3,3,3rd,"1,350,000 ",kénitra
88,3,2,2,3rd,"750,000 ",kénitra
54,2,1,1,1st,"540,000 ",kénitra
174,4,3,1,1st,"1,050,000 ",kénitra
78,4,2,1,,"630,000 ",kénitra
90,3,2,1,2nd,"700,000 ",kénitra
100,5,3,2,,"650,000 ",kénitra
107,5,3,2,4th,"800,000 ",kénitra
107,7,3,2,4th,"800,000 ",kénitra
90,2,3,1,1st,"500,000 ",kénitra
74,5,2,1,3rd,"750,000 ",kénitra
76,1,2,1,3rd,"670,000 ",kénitra
165,5,3,2,3rd,"1,150,000 ",kénitra
72,1,3,1,4th,"460,000 ",kénitra
126,4,2,2,2nd,"750,000 ",kénitra
176,5,3,2,2nd,"1,820,000 ",kénitra
130,6,3,3,7th,"1,150,000 ",kénitra
70,3,2,1,4th,"440,000 ",kénitra
80,3,2,1,4th,"550,000 ",kénitra
140,6,3,3,2nd,"1,400,000 ",kénitra
120,5,3,2,3rd,"1,250,000 ",kénitra
150,6,3,3,5th,"1,425,000 ",kénitra
110,3,2,1,,"700,000 ",kénitra
159,2,3,3,5th,"1,600,000 ",kénitra
164,5,3,2,4th,"1,290,000 ",kénitra
130,3,1,2,4th,"1,200,000 ",kénitra
162,4,2,2,,"120,000 EUR",kénitra
130,3,3,2,6th,"1,040,000 ",kénitra
140,6,3,3,2nd,"1,400,000 ",kénitra
153,4,3,2,,"1,300,000 ",kénitra
75,3,2,1,,"380,000 ",kénitra
147,3,2,1,1st,"1,150,000 ",kénitra
86,3,2,1,4th,"810,000 ",kénitra
120,2,2,2,6th,"940,000 ",kénitra
78,2,2,1,4th,"485,000 ",kénitra
73,3,3,1,,"500,000 ",kénitra
170,5,3,2,2nd,"1,880,000 ",kénitra
85,4,3,2,4th,"1,100,000 ",kénitra
209,5,3,3,1st,"1,400,000 ",kénitra
67,3,2,2,,"540,000 ",kénitra
85,4,3,2,,"710,000 ",kénitra
60,3,2,2,,"700,000 ",kénitra
94,4,3,2,1st,"7,400,000 ",kénitra
111,4,3,2,5th,"830,000 ",kénitra
310,4,3,3,8th,"3,000,000 ",kénitra
100,6,6,2,,"1,150,000 ",kénitra
180,5,5,2,2nd,"1,060,000 ",kénitra
120,7,3,1,1st,"900,000 ",kénitra
120,4,3,2,,"580,000 ",kénitra
116,1,3,2,4th,"930,000 ",kénitra
96,3,2,1,5th,"760,000 ",kénitra
74,1,2,2,2nd,"720,000 ",kénitra
86,5,2,2,2nd,"650,000 ",kénitra
172,4,3,3,3rd,"1,350,000 ",kénitra
127,4,2,1,,"820,000 ",kénitra
74,4,3,1,2nd,"440,000 ",kénitra
80,3,2,2,3rd,"850,000 ",kénitra
271,8,5,4,,"2,650,000 ",kénitra
97,2,2,1,5th,"620,000 ",kénitra
109,1,2,2,,"850,000 ",kénitra
110,4,3,2,1st,"930,000 ",kénitra
106,4,2,2,2nd,"660,000 ",kénitra
75,3,2,1,2nd,"850,000 ",kénitra
90,1,2,1,,"500,000 ",kénitra
64,2,2,1,1st,"410,000 ",kénitra
102,1,3,2,,"550,000 ",kénitra
95,4,2,1,4th,"670,000 ",kénitra
167,5,2,1,4th,"1,300,000 ",kénitra
115,4,3,1,1st,"890,000 ",kénitra
161,5,3,2,2nd,"1,300,000 ",kénitra
101,4,3,1,4th,"960,000 ",kénitra
83,3,2,2,,"710,000 ",kénitra
82,3,2,2,,"710,000 ",kénitra
61,4,2,1,3rd,"700,000 ",kénitra
140,3,2,3,1st,"1,200,000 ",kénitra
78,2,2,1,5th,"780,000 ",kénitra
90,3,2,1,,"470,000 ",kénitra
307,5,3,3,,"1,700,000 ",kénitra
149,5,3,3,4th,"1,350,000 ",kénitra
104,2,3,1,2nd,"640,000 ",kénitra
180,5,4,3,4th,"1,450,000 ",kénitra
220,5,3,3,1st,"8,000 ",kénitra
83,3,2,2,3rd,"460,000 ",kénitra
78,4,3,1,1st,"630,000 ",kénitra
115,3,2,2,6th,"860,000 ",kénitra
176,3,3,3,3rd,"1,340,000 ",kénitra
164,2,3,3,3rd,"1,300,000 ",kénitra
150,3,3,2,8th,"1,200,000 ",kénitra
100,5,2,1,6th,"90,000 EUR",kénitra
81,3,2,1,,"570,000 ",kénitra
91,4,3,2,1st,"760,000 ",kénitra
90,4,3,2,4th,"850,000 ",kénitra
55,3,2,1,4th,"180,000 ",kénitra
114,5,2,2,2nd,"750,000 ",kénitra
88,3,3,2,2nd,"650,000 ",kénitra
209,3,3,2,1st,"1,600,000 ",kénitra
101,4,3,2,,"950,000 ",kénitra
98,5,3,2,,"690,000 ",kénitra
112,4,3,1,3rd,"750,000 ",kénitra
120,3,3,2,,"660,000 ",kénitra
140,5,3,3,6th,"1,250,000 ",kénitra
280,9,3,3,,"1,560,000 ",kénitra
84,4,2,2,1st,"440,000 ",kénitra
60,2,2,1,3rd,"530,000 ",kénitra
86,2,1,1,3rd,"700,000 ",kénitra
77,4,2,2,,"780,000 ",kénitra
209,6,3,2,1st,"1,670,000 ",kénitra
220,5,4,3,1st,"1,800,000 ",kénitra
163,4,3,2,5th,"950,000 ",kénitra
280,4,3,3,,"1,560,000 ",kénitra
76,1,2,2,2nd,"490,000 ",kénitra
90,4,3,1,1st,"550,000 ",kénitra
76,2,2,1,6th,"650,000 ",kénitra
141,5,3,2,4th,"1,250,000 ",kénitra
186,5,2,2,,"1,230,000 ",kénitra
135,5,3,1,,"760,000 ",kénitra
72,3,2,1,3rd,"770,000 ",kénitra
110,6,3,2,1st,"740,000 ",kénitra
82,8,2,2,4th,"590,000 ",kénitra
110,3,2,1,1st,"600,000 ",kénitra
96,4,2,1,2nd,"650,000 ",kénitra
126,5,3,2,3rd,"1,050,000 ",kénitra
121,4,3,1,5th,"1,150,000 ",kénitra
157,6,3,2,4th,"1,270,000 ",kénitra
100,2,3,2,4th,"740,000 ",kénitra
110,4,3,2,,"1,000,000 ",kénitra
75,3,2,1,,"390,000 ",kénitra
63,3,2,1,,"787,500 ",kénitra
70,2,2,1,2nd,"350,000 ",kénitra
60,2,1,1,,"420,000 ",kénitra
130,5,3,1,1st,"750,000 ",kénitra
60,3,2,1,,"360,000 ",kénitra
193,5,3,3,,"1,200,000 ",kénitra
65,3,2,1,,"250,000 ",kénitra
118,5,3,2,3rd,"720,000 ",kénitra
200,8,3,2,,"1,600,000 ",kénitra
76,3,2,1,4th,"800,000 ",kénitra
71,3,2,2,,"510,000 ",kénitra
83,2,2,1,,"620,000 ",kénitra
124,4,3,2,,"1,100,000 ",kénitra
107,2,2,2,1st,"650,000 ",kénitra
127,4,3,2,,"1,150,000 ",kénitra
117,4,3,2,,"670,000 ",kénitra
63,3,2,1,2nd,"610,000 ",kénitra
120,4,3,2,3rd,"1,300,000 ",kénitra
70,3,2,1,,"500,000 ",kénitra
55,3,2,1,3rd,"340,000 ",kénitra
58,3,2,1,4th,"250,000 ",kénitra
84,2,2,2,2nd,"480,000 ",kénitra
156,4,2,2,1st,"970,000 ",kénitra
123,5,4,2,,"820,000 ",kénitra
154,5,3,2,1st,"940,000 ",kénitra
381,6,3,3,,"1,780,000 ",kénitra
84,4,2,2,3rd,"480,000 ",kénitra
75,4,2,1,1st,"440,000 ",kénitra
160,5,3,2,4th,"1,200,000 ",kénitra
100,5,3,2,2nd,"700,000 ",kénitra
118,6,3,2,3rd,"850,000 ",kénitra
118,5,3,2,,"850,000 ",kénitra
138,4,2,1,5th,"1,100,000 ",kénitra
105,3,2,2,5th,"1,020,000 ",kénitra
120,4,3,2,1st,"810,000 ",kénitra
53,4,2,1,,"350,000 ",kénitra
64,4,2,1,,"460,000 ",kénitra
52,3,2,1,,"340,000 ",kénitra
116,5,3,2,2nd,"720,000 ",kénitra
90,3,2,1,2nd,"540,000 ",kénitra
113,4,3,2,,"1,000,000 ",kénitra
80,5,3,2,2nd,"800,000 ",kénitra
127,4,3,2,3rd,"750,000 ",kénitra
55,3,2,1,,"225,000 ",kénitra
198,10,7,3,1st,"1,200,000 ",kénitra
54,5,2,1,4th,"30,000 EUR",kénitra
119,4,3,2,1st,"820,000 ",kénitra
75,2,2,1,,"500,000 ",kénitra
130,5,3,2,4th,"900,000 ",kénitra
50,2,1,1,3rd,"250,000 ",kénitra
103,3,2,2,5th,"1,040,000 ",kénitra
90,3,2,2,2nd,"540,000 ",kénitra
79,5,2,1,,"470,000 ",kénitra
95,3,2,2,1st,"640,000 ",kénitra
94,3,2,1,,"680,000 ",kénitra
79,5,2,1,,"460,000 ",kénitra
87,5,2,1,,"490,000 ",kénitra
94,2,2,1,,"700,000 ",kénitra
174,4,3,1,,"1,100,000 ",kénitra
49,2,3,1,,"348,000 ",kénitra
66,3,2,1,,"514,800 ",kénitra
82,1,3,2,4th,"795,600 ",kénitra
98,4,3,2,,"764,400 ",kénitra
207,6,3,2,6th,"1,250,000 ",kénitra
97,4,2,2,4th,"850,000 ",kénitra
115,4,3,2,5th,"990,000 ",kénitra
84,3,2,2,,"655,200 ",kénitra
66,3,2,1,4th,"514,800 ",kénitra
77,3,2,1,6th,"720,000 ",kénitra
140,3,2,3,1st,"1,200,000 ",kénitra
200,3,3,1,,"1,000,000 ",kénitra
122,5,3,2,,"1,110,000 ",kénitra
177,4,3,2,4th,"136,000 EUR",kénitra
103,5,3,3,3rd,"850,000 ",kénitra
93,4,3,2,,"900,000 ",kénitra
77,4,2,2,3rd,"695,000 ",kénitra
145,4,3,2,1st,"790,000 ",kénitra
80,3,2,1,1st,"3,900,000 ",kénitra
70,6,2,1,3rd,"560,000 ",kénitra
74,3,2,1,5th,"640,000 ",kénitra
98,5,3,2,2nd,"500,000 ",kénitra
107,4,2,2,,"970,000 ",kénitra
126,3,1,2,1st,"1,300,000 ",kénitra
82,2,2,1,,"580,000 ",kénitra
112,3,3,2,1st,"720,000 ",kénitra
82,3,2,1,5th,"720,000 ",kénitra
96,2,3,2,4th,"900,000 ",kénitra
60,2,2,1,,"330,000 ",kénitra
168,4,4,2,4th,"1,730,000 ",kénitra
154,5,3,2,6th,"1,300,000 ",kénitra
93,5,3,2,2nd,"690,000 ",kénitra
94,6,2,2,2nd,"840,000 ",kénitra
105,6,2,2,,"780,000 ",kénitra
70,3,2,1,1st,"440,000 ",kénitra
174,6,3,3,1st,"1,650,000 ",kénitra
79,2,2,2,4th,"750,000 ",kénitra
110,4,3,2,1st,"760,000 ",kénitra
103,4,3,2,4th,"900,000 ",kénitra
65,3,2,2,3rd,"310,000 ",kénitra
96,4,3,1,2nd,"520,000 ",kénitra
65,3,2,1,,"430,000 ",kénitra
144,4,3,2,2nd,"1,200,000 ",kénitra
85,2,1,2,1st,"450,000 ",kénitra
73,3,2,1,2nd,"690,000 ",kénitra
197,4,3,1,8th,"990,000 ",kénitra
116,3,2,2,1st,"850,000 ",kénitra
84,6,3,2,,"11,500 ",kénitra
99,3,2,1,6th,"940,000 ",kénitra
95,5,3,1,,"670,000 ",kénitra
64,3,2,1,1st,"510,000 ",kénitra
98,5,3,2,3rd,"480,000 ",kénitra
78,3,2,1,7th,"550,000 ",kénitra
110,3,2,1,3rd,"620,000 ",kénitra
53,5,4,1,,"330,000 ",kénitra
94,4,2,2,1st,"620,000 ",kénitra
127,4,2,2,2nd,"650,000 ",kénitra
161,4,3,3,3rd,"1,470,000 ",kénitra
190,2,2,2,3rd,"1,200,000 ",kénitra
82,4,2,1,5th,"720,000 ",kénitra
61,1,2,2,,"499,000 ",kénitra
99,3,2,2,3rd,"720,000 ",kénitra
60,3,2,1,3rd,"250,000 ",kénitra
140,5,3,3,5th,"1,470,000 ",kénitra
126,4,3,2,5th,"930,000 ",kénitra
53,1,1,1,,"210,000 ",kénitra
65,5,2,1,2nd,"460,000 ",kénitra
300,5,3,3,,"1,600,000 ",kénitra
177,1,3,1,1st,"900,000 ",kénitra
86,2,2,2,1st,"540,000 ",kénitra
67,3,2,1,,"670,000 ",kénitra
116,4,2,2,3rd,"900,000 ",kénitra
150,7,4,2,6th,"1,200,000 ",kénitra
150,4,3,2,,"1,200,000 ",kénitra
70,3,2,1,,"400,000 ",kénitra
150,5,3,2,8th,"1,250,000 ",kénitra
80,3,2,1,1st,"495,000 ",kénitra
104,7,3,2,2nd,"860,000 ",kénitra
95,3,3,2,4th,"875,000 ",kénitra
103,2,2,1,3rd,"740,000 ",kénitra
100,5,3,2,,"900,000 ",kénitra
115,4,3,3,1st,"1,230,000 ",kénitra
68,3,2,1,2nd,"490,000 ",kénitra
64,3,2,1,1st,"550,000 ",kénitra
65,4,2,1,4th,"390,000 ",kénitra
70,3,2,1,,"500,000 ",kénitra
151,6,4,2,1st,"960,000 ",kénitra
100,3,3,2,,"900,000 ",kénitra
113,5,3,2,5th,"1,100,000 ",kénitra
98,3,2,2,8th,"720,000 ",kénitra
138,6,3,3,3rd,"1,360,000 ",kénitra
100,3,3,2,,"900,000 ",kénitra
100,2,2,2,,"900,000 ",kénitra
100,3,3,2,,"900,000 ",kénitra
187,8,3,1,6th,"1,300,000 ",kénitra
178,5,3,1,,"1,400,000 ",kénitra
169,4,3,2,1st,"1,250,000 ",kénitra
96,4,2,2,2nd,"1,250,000 ",kénitra
93,4,2,2,4th,"900,000 ",kénitra
72,3,2,1,1st,"350,000 ",kénitra
146,5,3,2,4th,"1,050,000 ",kénitra
78,2,2,2,1st,"540,000 ",kénitra
58,3,3,2,,"250,000 ",mohammédia
78,3,2,1,,"1,053,000 ",mohammédia
63,2,1,1,,"630,000 ",mohammédia
121,3,2,,,"1,664,000 ",mohammédia
59,3,2,1,,"295,000 ",mohammédia
120,4,3,3,5th,"1,670,000 ",mohammédia
64,3,2,1,,"295,000 ",mohammédia
64,3,2,1,,"295,000 ",mohammédia
68,2,1,,,"850,000 ",mohammédia
72,2,1,,,"720,000 ",mohammédia
141,4,3,1,,"1,245,000 ",mohammédia
64,3,2,1,,"295,000 ",mohammédia
72,3,2,1,,"972,000 ",mohammédia
121,4,3,2,,"1,664,000 ",mohammédia
72,3,2,1,,"720,000 ",mohammédia
78,3,2,1,,"1,053,000 ",mohammédia
118,4,3,2,,"1,596,540 ",mohammédia
72,3,2,1,,"972,000 ",mohammédia
59,3,2,1,,"295,000 ",mohammédia
69,3,2,1,,"690,000 ",mohammédia
122,3,2,2,4th,"1,500,000 ",mohammédia
111,3,2,1,,"1,337,840 ",mohammédia
103,3,2,1,,"1,445,470 ",mohammédia
64,3,2,1,,"295,000 ",mohammédia
59,3,2,1,,"295,000 ",mohammédia
59,3,2,1,,"295,000 ",mohammédia
56,2,1,1,,"560,000 ",mohammédia
55,2,1,1,,"687,500 ",mohammédia
62,3,3,2,,"250,000 ",mohammédia
103,3,2,1,,"1,030,000 ",mohammédia
145,3,2,1,,"1,607,500 ",mohammédia
111,4,3,2,,"1,040,000 ",mohammédia
59,3,2,1,,"295,000 ",mohammédia
130,5,3,2,1st,"1,365,000 ",mohammédia
165,5,3,2,5th,"2,168,000 ",mohammédia
67,2,1,,,"837,500 ",mohammédia
60,2,1,1,,"713,684 ",mohammédia
90,2,1,,,"1,118,750 ",mohammédia
83,4,3,1,1st,"760,000 ",mohammédia
102,4,3,1,,"965,000 ",mohammédia
101,2,1,,,"1,262,500 ",mohammédia
101,3,2,1,,"1,262,500 ",mohammédia
80,3,2,1,,"1,100,460 ",mohammédia
95,2,2,2,1st,"860,000 ",mohammédia
102,3,2,2,2nd,"1,300,000 ",mohammédia
96,4,2,2,1st,"860,000 ",mohammédia
66,2,1,,,"800,000 ",mohammédia
110,4,2,2,3rd,"1,150,000 ",mohammédia
83,2,1,,,"1,037,500 ",mohammédia
64,2,1,1,,"800,000 ",mohammédia
82,2,2,1,3rd,"1,100,000 ",mohammédia
103,3,2,2,1st,"1,250,000 ",mohammédia
63,3,2,1,,"787,500 ",mohammédia
93,3,2,1,,"1,117,760 ",mohammédia
111,4,3,2,,"1,596,300 ",mohammédia
90,3,2,1,,"1,118,750 ",mohammédia
100,5,3,1,,"980,000 ",mohammédia
66,3,2,1,,"825,000 ",mohammédia
66,2,1,,,"825,000 ",mohammédia
122,4,3,2,,"1,682,870 ",mohammédia
62,2,1,1,,"775,000 ",mohammédia
120,4,4,2,2nd,"75,000 ",mohammédia
111,3,2,1,,"1,320,320 ",mohammédia
85,2,1,1,,"750,000 ",mohammédia
74,1,1,1,1st,"300,000 ",mohammédia
70,3,2,1,5th,"850,000 ",mohammédia
64,3,2,1,3rd,"490,000 ",mohammédia
53,2,1,1,4th,"790,000 ",mohammédia
84,3,2,1,,"650,000 ",mohammédia
71,3,2,1,,"680,000 ",mohammédia
71,2,1,1,,"929,000 ",mohammédia
116,4,3,2,,"1,450,000 ",mohammédia
76,3,2,1,5th,"985,000 ",mohammédia
118,4,3,2,6th,"13,900 ",mohammédia
105,4,2,2,1st,"980,000 ",mohammédia
250,5,2,2,,"13,000 ",mohammédia
102,1,1,1,1st,"720,000 ",mohammédia
112,3,2,1,,"1,296,840 ",mohammédia
68,3,2,1,2nd,"510,000 ",mohammédia
61,1,2,1,4th,"520,000 ",mohammédia
105,3,2,1,,"1,265,530 ",mohammédia
122,4,3,2,2nd,"1,500,000 ",mohammédia
68,2,1,1,,"320,000 ",mohammédia
103,3,2,2,3rd,"1,680,000 ",mohammédia
116,4,3,2,3rd,"1,300,000 ",mohammédia
198,6,4,3,3rd,"980,000 ",mohammédia
235,6,4,3,,"1,100,000 ",mohammédia
77,3,2,2,,"1,036,000 ",mohammédia
115,4,3,2,3rd,"800,000 ",mohammédia
96,3,2,2,,"1,400,000 ",mohammédia
80,3,2,1,3rd,"880,000 ",mohammédia
155,5,4,3,2nd,"2,200,000 ",mohammédia
91,4,3,2,1st,"850,000 ",mohammédia
105,4,3,2,,"1,550,000 ",mohammédia
118,8,3,3,5th,"890,000 ",mohammédia
70,3,2,1,,"550,000 ",mohammédia
100,5,2,1,,"980,000 ",mohammédia
93,3,2,2,4th,"1,380,000 ",mohammédia
87,5,3,2,1st,"1,000,000 ",mohammédia
87,5,3,2,1st,"1,050,000 ",mohammédia
155,4,3,2,1st,"13,900 ",mohammédia
72,3,1,1,3rd,"990,000 ",mohammédia
58,1,2,1,3rd,"380,000 ",mohammédia
59,2,1,1,,"826,000 ",mohammédia
104,7,4,1,12th,"800,000 ",mohammédia
69,1,3,1,,"570,000 ",mohammédia
75,2,2,1,5th,"820,000 ",mohammédia
193,5,2,2,4th,"2,900,000 ",mohammédia
70,2,2,1,2nd,"680,000 ",mohammédia
60,5,2,1,4th,"500,000 ",mohammédia
63,5,2,1,4th,"580,000 ",mohammédia
92,3,2,1,2nd,"840,000 ",mohammédia
110,4,2,2,,"1,500,000 ",mohammédia
50,3,2,1,,"330,000 ",mohammédia
124,2,4,3,,"1,210,000 ",mohammédia
170,5,4,3,1st,"8,000 ",mohammédia
78,2,2,2,2nd,"1,060,000 ",mohammédia
120,4,3,2,1st,"3,406,000 ",mohammédia
83,3,2,2,3rd,"950,000 ",mohammédia
85,4,3,1,2nd,"750,000 ",mohammédia
91,3,2,1,3rd,"1,550,000 ",mohammédia
86,2,3,1,1st,"1,280,000 ",mohammédia
83,4,3,2,,"700,000 ",mohammédia
101,2,2,2,1st,"11,000,000 ",mohammédia
85,3,2,2,2nd,"695,000 ",mohammédia
96,3,2,1,2nd,"1,550,000 ",mohammédia
88,4,3,2,1st,"840,000 ",mohammédia
76,3,3,1,2nd,"610,000 ",mohammédia
93,6,2,1,,"1,100,000 ",mohammédia
125,5,2,2,1st,"1,650,000 ",mohammédia
168,5,3,2,5th,"2,200,000 ",mohammédia
92,2,2,1,2nd,"1,250,000 ",mohammédia
118,4,2,2,4th,"1,390,000 ",mohammédia
71,3,2,2,3rd,"610,000 ",mohammédia
74,3,2,2,4th,"700,000 ",mohammédia
70,1,2,2,3rd,"650,000 ",mohammédia
84,3,2,2,1st,"340,000 ",mohammédia
104,1,3,2,,"1,300,000 ",mohammédia
69,3,2,1,,"780,000 ",mohammédia
79,3,2,1,,"680,000 ",mohammédia
160,4,2,2,4th,"2,300,000 ",mohammédia
63,2,1,1,3rd,"400,000 ",mohammédia
106,4,3,2,1st,"940,000 ",mohammédia
75,4,2,2,3rd,"670,000 ",mohammédia
100,4,2,2,3rd,"1,550,000 ",mohammédia
102,3,1,1,2nd,"1,000,000 ",mohammédia
160,6,3,2,,"980,000 ",mohammédia
82,3,2,2,,"850,000 ",mohammédia
118,3,2,2,4th,"1,475,000 ",mohammédia
110,3,2,2,2nd,"1,500,000 ",mohammédia
89,1,3,1,1st,"750,000 ",mohammédia
88,3,2,2,1st,"1,056,000 ",mohammédia
93,3,2,2,2nd,"1,116,000 ",mohammédia
88,2,2,1,,"840,000 ",mohammédia
92,3,2,2,,"1,350,000 ",mohammédia
76,3,2,1,4th,"570,000 ",mohammédia
100,3,4,2,1st,"820,000 ",mohammédia
91,3,2,1,3rd,"790,000 ",mohammédia
91,3,2,1,3rd,"790,000 ",mohammédia
106,4,2,2,3rd,"1,242,000 ",mohammédia
85,4,3,1,2nd,"750,000 ",mohammédia
149,5,3,2,3rd,"1,800,000 ",mohammédia
62,3,2,1,2nd,"540,000 ",mohammédia
61,3,2,2,,"560,000 ",mohammédia
55,3,2,2,1st,"490,000 ",mohammédia
64,3,2,1,1st,"500,000 ",mohammédia
65,1,3,2,,"250,000 ",mohammédia
86,3,2,1,6th,"1,700,000 ",mohammédia
146,4,3,2,3rd,"1,642,500 ",mohammédia
134,4,3,2,1st,"1,470,000 ",mohammédia
84,1,3,1,,"760,000 ",mohammédia
89,3,2,2,1st,"790,000 ",mohammédia
97,1,4,2,1st,"650,000 ",mohammédia
70,6,3,1,1st,"770,000 ",mohammédia
120,3,2,2,5th,"2,350,000 ",mohammédia
53,2,2,1,2nd,"420,000 ",mohammédia
94,2,2,2,3rd,"940,000 ",mohammédia
81,3,2,1,3rd,"980,000 ",mohammédia
75,1,2,1,2nd,"800,000 ",mohammédia
86,4,2,1,4th,"740,000 ",mohammédia
108,2,2,2,1st,"1,458,000 ",mohammédia
130,4,3,2,2nd,"1,755,000 ",mohammédia
90,4,2,2,4th,"1,350,000 ",mohammédia
130,3,2,1,3rd,"900,000 ",mohammédia
148,2,2,2,,"1,300,000 ",mohammédia
123,4,3,2,2nd,"850,000 ",mohammédia
79,3,2,2,2nd,"970,000 ",mohammédia
65,3,2,1,2nd,"750,000 ",mohammédia
104,4,3,2,,"1,085,000 ",mohammédia
67,3,1,1,,"560,000 ",mohammédia
73,3,2,1,,"660,000 ",mohammédia
110,3,2,1,4th,"2,000,000 ",mohammédia
118,5,3,2,1st,"1,400,000 ",mohammédia
91,6,2,2,2nd,"1,228,000 ",mohammédia
